1,-1,525.8,288.0,271.4,324.9,0.5059
1,-1,340.2,3.8,691.7,792.0,0.2351
2,-1,525.6,287.8,272.1,327.4,0.4937
2,-1,340.1,3.8,693.3,791.8,0.2432
3,-1,525.5,286.8,272.1,326.8,0.5046
3,-1,340.1,3.8,693.0,792.3,0.2416
4,-1,525.4,286.9,272.2,326.6,0.5067
4,-1,340.3,3.9,692.5,791.9,0.2350
5,-1,525.3,286.1,272.5,326.5,0.5147
5,-1,340.4,3.8,691.8,792.9,0.2308
6,-1,525.3,286.2,272.5,326.4,0.5130
6,-1,340.3,3.8,691.8,792.6,0.2300
7,-1,525.5,286.0,272.3,326.3,0.5119
7,-1,340.3,3.8,692.1,792.2,0.2354
8,-1,525.4,285.8,272.4,326.6,0.5121
8,-1,340.5,3.8,691.3,792.2,0.2291
9,-1,525.4,285.9,272.3,326.6,0.5127
9,-1,340.1,3.7,691.4,792.9,0.2327
10,-1,525.5,285.9,272.3,326.5,0.5141
10,-1,340.2,3.8,691.2,792.6,0.2309
11,-1,525.4,285.8,272.3,326.6,0.5138
11,-1,340.2,3.7,691.5,792.6,0.2365
12,-1,525.5,285.9,272.3,326.5,0.5141
12,-1,340.2,3.8,691.2,792.6,0.2308
13,-1,525.5,286.0,272.3,326.4,0.5138
13,-1,340.2,3.8,691.3,792.5,0.2322
14,-1,525.5,286.0,272.3,326.4,0.5139
14,-1,340.2,3.8,691.3,792.6,0.2322
15,-1,525.5,285.9,272.4,326.4,0.5135
15,-1,340.2,3.7,691.7,792.5,0.2378
16,-1,525.5,286.0,272.3,326.4,0.5139
16,-1,340.2,3.8,691.3,792.5,0.2322
17,-1,525.5,286.0,272.3,326.5,0.5134
17,-1,340.2,3.8,691.3,792.4,0.2323
18,-1,525.5,286.0,272.3,326.5,0.5134
18,-1,340.2,3.8,691.3,792.4,0.2323
19,-1,525.5,285.9,272.3,326.5,0.5131
19,-1,340.2,3.7,691.7,792.4,0.2379
20,-1,525.5,286.0,272.4,326.5,0.5122
20,-1,340.1,3.7,691.6,792.8,0.2341
21,-1,525.5,286.0,272.3,326.5,0.5134
21,-1,340.2,3.8,691.3,792.4,0.2323
22,-1,525.5,286.0,272.3,326.5,0.5134
22,-1,340.2,3.8,691.4,792.4,0.2324
23,-1,525.5,285.9,272.3,326.5,0.5131
23,-1,340.2,3.7,691.7,792.4,0.2380
24,-1,525.5,286.0,272.3,326.5,0.5134
24,-1,340.2,3.8,691.4,792.4,0.2324
25,-1,525.5,286.0,272.3,326.5,0.5134
25,-1,340.2,3.8,691.4,792.4,0.2323
26,-1,525.5,286.0,272.3,326.5,0.5134
26,-1,340.2,3.8,691.4,792.4,0.2323
27,-1,525.5,285.9,272.3,326.5,0.5130
27,-1,340.2,3.7,691.7,792.5,0.2379
28,-1,525.5,286.0,272.3,326.5,0.5134
28,-1,340.2,3.8,691.4,792.4,0.2323
29,-1,525.5,286.0,272.3,326.5,0.5133
29,-1,340.2,3.8,691.3,792.4,0.2323
30,-1,525.5,286.0,272.3,326.5,0.5134
30,-1,340.2,3.8,691.5,792.4,0.2320
31,-1,525.5,286.0,272.3,326.5,0.5131
31,-1,340.1,3.8,691.9,792.4,0.2375
32,-1,525.5,286.0,272.3,326.5,0.5135
32,-1,340.2,3.8,691.6,792.4,0.2317
33,-1,525.5,286.0,272.3,326.5,0.5135
33,-1,340.2,3.8,691.6,792.4,0.2314
34,-1,525.5,286.0,272.3,326.5,0.5135
34,-1,340.2,3.8,691.7,792.4,0.2314
35,-1,525.5,285.9,272.3,326.5,0.5131
35,-1,340.1,3.8,692.0,792.4,0.2370
36,-1,525.5,286.0,272.3,326.5,0.5135
36,-1,340.2,3.8,691.7,792.4,0.2314
37,-1,525.5,286.0,272.3,326.5,0.5135
37,-1,340.2,3.8,691.7,792.4,0.2314
38,-1,525.5,286.0,272.3,326.5,0.5135
38,-1,340.2,3.8,691.7,792.4,0.2314
39,-1,525.5,285.9,272.3,326.5,0.5131
39,-1,340.1,3.8,692.1,792.5,0.2370
40,-1,525.5,286.0,272.3,326.5,0.5135
40,-1,340.2,3.8,691.7,792.4,0.2314
41,-1,525.5,286.0,272.3,326.5,0.5135
41,-1,340.2,3.8,691.7,792.4,0.2314
42,-1,525.5,286.0,272.3,326.5,0.5135
42,-1,340.2,3.8,691.7,792.4,0.2314
43,-1,525.5,285.9,272.3,326.5,0.5131
43,-1,340.2,3.8,692.1,792.4,0.2371
44,-1,525.5,286.0,272.4,326.6,0.5119
44,-1,340.1,3.7,692.3,792.8,0.2388
45,-1,525.5,285.9,272.4,326.5,0.5130
45,-1,339.9,3.8,692.3,792.5,0.2367
46,-1,525.5,285.9,272.4,326.5,0.5130
46,-1,339.9,3.8,692.3,792.5,0.2367
47,-1,525.5,285.9,272.4,326.5,0.5130
47,-1,339.9,3.8,692.3,792.5,0.2367
48,-1,525.5,285.9,272.4,326.5,0.5130
48,-1,339.9,3.8,692.3,792.5,0.2367
49,-1,525.5,285.9,272.4,326.5,0.5129
49,-1,339.8,3.8,692.3,792.4,0.2364
50,-1,525.5,285.9,272.4,326.5,0.5129
50,-1,339.8,3.8,692.4,792.4,0.2364
51,-1,525.5,285.9,272.4,326.5,0.5129
51,-1,339.8,3.8,692.3,792.4,0.2364
52,-1,525.5,285.9,272.4,326.5,0.5129
52,-1,339.8,3.8,692.4,792.4,0.2364
53,-1,525.7,287.0,272.0,325.4,0.5129
53,-1,339.8,3.7,692.8,792.6,0.2390
54,-1,525.7,287.0,272.0,325.4,0.5129
54,-1,339.8,3.7,692.8,792.6,0.2390
55,-1,525.7,287.0,272.0,325.4,0.5129
55,-1,339.8,3.7,692.8,792.6,0.2390
56,-1,525.7,287.0,272.0,325.4,0.5129
56,-1,339.8,3.7,692.8,792.6,0.2390
57,-1,525.7,287.0,272.0,325.4,0.5129
57,-1,339.8,3.7,692.8,792.6,0.2389
58,-1,525.7,287.1,272.2,325.8,0.5086
58,-1,339.8,3.8,692.6,792.5,0.2331
59,-1,532.4,265.2,258.7,325.9,0.5896
59,-1,322.7,0.0,759.5,757.9,0.1568
59,-1,459.3,211.9,357.6,440.8,0.1549
60,-1,532.6,266.4,257.5,324.8,0.5845
60,-1,322.7,0.0,760.1,758.0,0.1529
60,-1,458.3,210.8,358.8,443.2,0.1522
61,-1,527.7,245.9,267.1,349.6,0.5740
61,-1,457.4,210.5,360.2,443.9,0.1496
61,-1,323.9,0.0,759.3,758.1,0.1492
62,-1,528.2,248.1,266.9,333.9,0.6622
62,-1,316.7,0.0,783.1,755.0,0.2853
62,-1,137.4,0.0,194.0,57.8,0.1012
63,-1,528.1,247.7,267.3,332.2,0.6768
63,-1,316.1,0.0,782.3,754.4,0.2813
63,-1,135.9,0.0,196.2,58.9,0.1023
64,-1,527.3,245.8,267.9,336.0,0.6631
64,-1,314.9,0.0,784.7,755.1,0.2847
64,-1,135.7,0.0,197.6,58.5,0.1026
65,-1,520.8,255.5,269.7,333.7,0.6217
65,-1,287.7,0.0,743.0,807.6,0.2382
65,-1,452.7,195.4,362.5,457.4,0.1310
66,-1,520.5,256.0,269.4,333.3,0.6117
66,-1,287.4,0.0,741.7,808.6,0.2297
66,-1,451.8,194.0,363.0,459.3,0.1350
66,-1,134.7,0.0,198.6,58.3,0.1000
67,-1,520.1,253.1,269.9,336.6,0.6097
67,-1,287.3,0.0,742.5,808.7,0.2373
67,-1,450.8,193.3,363.9,460.1,0.1290
68,-1,509.9,278.7,298.9,366.1,0.5907
69,-1,509.7,277.1,299.8,369.0,0.5692
70,-1,509.8,278.5,298.4,367.6,0.5668
71,-1,510.4,279.1,298.3,366.3,0.5786
72,-1,519.0,339.4,275.6,329.5,0.5906
72,-1,345.1,43.5,612.3,807.8,0.1570
73,-1,519.0,339.1,274.9,329.1,0.5962
73,-1,345.4,42.6,610.7,811.3,0.1661
74,-1,518.8,337.7,276.0,330.1,0.6069
74,-1,346.9,48.3,605.5,801.9,0.1414
75,-1,518.1,336.7,275.9,331.4,0.6074
75,-1,347.7,51.6,597.1,797.1,0.1335
76,-1,512.8,345.3,276.2,321.6,0.5558
76,-1,445.1,304.1,366.8,432.5,0.2102
77,-1,512.2,345.9,276.1,321.6,0.5574
77,-1,443.7,304.4,367.3,433.4,0.2350
78,-1,498.2,369.6,304.8,399.1,0.3425
78,-1,269.6,18.7,721.2,895.0,0.1115
78,-1,418.8,327.0,406.8,509.4,0.1076
79,-1,498.3,368.1,304.3,400.2,0.3379
79,-1,418.3,327.7,404.9,509.1,0.1542
80,-1,498.4,370.8,304.8,399.1,0.3595
80,-1,420.2,329.6,405.0,508.4,0.1382
81,-1,496.9,405.2,319.1,364.6,0.5821
81,-1,239.3,8.3,805.7,899.8,0.1505
82,-1,497.1,404.7,318.1,365.3,0.5789
82,-1,238.3,8.6,804.4,900.1,0.1483
83,-1,496.6,404.3,318.8,364.9,0.5844
83,-1,238.6,8.9,803.5,899.8,0.1474
84,-1,493.7,405.4,322.3,366.6,0.5595
84,-1,211.3,9.0,833.1,900.2,0.1225
85,-1,493.8,405.5,322.2,366.4,0.5582
85,-1,213.4,8.7,830.9,900.6,0.1234
86,-1,494.2,405.9,320.7,365.4,0.5582
86,-1,209.9,9.1,830.6,900.8,0.1216
87,-1,505.0,370.7,292.7,390.6,0.3497
87,-1,262.6,14.3,742.1,895.5,0.1332
87,-1,417.6,336.3,401.1,489.7,0.1030
88,-1,505.5,369.9,291.6,390.2,0.3552
88,-1,262.7,13.9,747.3,895.7,0.1436
89,-1,500.8,365.2,299.7,393.8,0.4127
89,-1,259.1,12.9,750.6,898.0,0.1536
90,-1,500.6,366.1,299.1,394.6,0.4018
90,-1,261.0,12.8,750.9,897.6,0.1461
91,-1,501.0,366.0,299.6,398.5,0.3606
91,-1,258.6,12.5,754.4,898.3,0.1474
92,-1,491.9,394.3,329.6,380.3,0.5138
92,-1,385.0,353.8,452.5,526.7,0.1420
93,-1,490.7,392.1,333.5,385.6,0.5000
93,-1,385.8,353.4,450.5,525.7,0.1667
94,-1,491.1,392.1,332.4,384.5,0.4930
94,-1,387.0,354.0,449.3,525.3,0.1665
95,-1,485.2,399.3,339.1,372.1,0.5493
95,-1,250.9,6.9,786.6,899.5,0.1605
96,-1,485.0,398.8,338.6,373.4,0.5419
96,-1,251.4,6.9,786.5,899.9,0.1634
97,-1,484.4,399.5,340.1,373.9,0.5493
97,-1,252.2,6.9,786.1,899.4,0.1708
98,-1,483.5,394.3,339.5,392.4,0.4932
98,-1,257.6,7.2,770.8,900.2,0.1648
99,-1,483.3,395.9,340.0,391.2,0.4967
99,-1,256.8,7.3,774.7,901.6,0.1795
100,-1,483.4,396.2,338.6,388.6,0.5025
100,-1,255.9,7.1,778.7,901.9,0.1835
101,-1,491.3,383.7,309.8,396.0,0.4244
101,-1,242.1,9.5,778.6,900.9,0.1110
102,-1,491.3,384.2,310.2,396.1,0.4236
102,-1,241.1,8.8,781.3,902.0,0.1224
103,-1,491.5,384.2,309.8,396.4,0.4235
103,-1,240.2,8.8,782.1,902.2,0.1208
104,-1,490.4,382.1,313.4,398.2,0.4114
104,-1,255.7,10.5,757.2,899.6,0.1202
105,-1,490.7,382.9,313.1,396.9,0.4150
105,-1,255.4,10.1,758.0,899.9,0.1171
106,-1,490.2,381.4,313.1,397.4,0.4075
106,-1,387.1,343.5,437.5,524.3,0.1148
106,-1,255.8,10.5,756.3,900.0,0.1138
107,-1,481.9,392.1,338.1,398.9,0.4818
107,-1,208.0,8.3,808.9,907.8,0.1408
108,-1,481.9,391.4,338.4,399.5,0.4765
108,-1,210.0,8.7,804.4,907.7,0.1404
109,-1,482.2,391.1,337.5,397.7,0.4763
109,-1,212.6,8.3,802.7,907.4,0.1471
110,-1,481.5,416.3,327.2,396.9,0.4641
110,-1,195.2,7.9,832.2,901.7,0.1139
111,-1,481.8,415.9,326.7,391.7,0.4826
111,-1,207.5,8.1,821.5,900.1,0.1145
112,-1,482.0,418.6,327.0,390.1,0.4796
112,-1,203.4,7.4,826.9,901.3,0.1187
113,-1,481.9,421.8,322.4,351.4,0.5875
113,-1,403.6,384.4,420.0,491.2,0.1428
113,-1,237.7,7.5,782.2,904.5,0.1282
114,-1,482.4,422.6,321.2,351.1,0.5811
114,-1,404.0,385.7,418.9,489.3,0.1462
114,-1,239.3,7.5,779.0,904.3,0.1201
115,-1,482.5,423.1,320.5,352.9,0.5736
115,-1,406.1,386.8,416.5,487.3,0.1583
115,-1,240.8,7.5,775.4,903.7,0.1182
116,-1,478.1,375.1,314.9,388.8,0.5255
116,-1,379.1,337.6,431.9,523.6,0.2080
117,-1,477.9,375.8,315.2,390.0,0.5192
117,-1,377.3,337.8,434.3,525.0,0.1805
118,-1,477.8,376.1,314.6,389.5,0.5225
118,-1,377.4,337.8,433.6,523.5,0.1865
119,-1,478.6,391.4,328.1,390.2,0.5111
119,-1,366.0,340.2,459.7,539.2,0.2948
120,-1,478.8,391.6,327.9,390.9,0.5150
120,-1,366.7,340.7,457.5,538.6,0.3021
121,-1,478.7,391.9,327.6,389.8,0.5303
121,-1,369.2,341.0,458.1,538.8,0.2668
122,-1,466.5,432.0,342.9,429.8,0.3741
122,-1,496.5,472.4,261.9,328.5,0.1358
122,-1,177.4,4.8,872.9,902.5,0.1098
123,-1,466.2,431.7,344.0,430.2,0.3499
123,-1,496.2,472.9,262.7,323.8,0.1490
123,-1,182.5,5.0,867.5,902.5,0.1098
124,-1,467.7,433.5,341.5,428.4,0.3685
124,-1,497.0,473.2,262.2,326.6,0.1421
124,-1,179.7,5.2,866.6,902.5,0.1062
125,-1,436.9,434.9,375.2,435.8,0.3471
125,-1,489.0,469.2,277.7,347.6,0.1811
125,-1,204.0,5.3,837.1,899.5,0.1025
126,-1,437.6,437.9,375.1,433.0,0.3331
126,-1,488.9,470.4,278.0,343.7,0.1863
126,-1,201.8,5.1,841.7,900.7,0.1047
127,-1,437.0,436.8,375.4,433.3,0.3294
127,-1,489.1,470.0,277.4,341.5,0.1874
127,-1,203.0,5.4,839.6,900.4,0.1018
128,-1,436.4,436.5,376.6,435.2,0.3368
128,-1,489.1,470.4,276.6,346.2,0.1773
128,-1,203.2,5.3,839.8,899.8,0.1022
129,-1,429.3,384.1,386.3,456.9,0.4378
129,-1,477.7,417.9,293.2,357.9,0.1844
130,-1,427.7,384.0,386.9,459.0,0.4322
130,-1,477.3,417.2,291.2,358.1,0.2076
131,-1,427.7,384.1,386.9,459.1,0.4286
131,-1,477.7,418.1,289.0,358.9,0.1925
132,-1,425.6,372.0,385.7,465.2,0.4212
132,-1,478.7,408.4,290.3,364.1,0.2444
133,-1,426.1,370.9,385.1,466.2,0.4209
133,-1,478.4,408.0,290.5,367.4,0.2376
134,-1,425.7,372.5,386.8,466.8,0.4194
134,-1,478.0,409.6,290.9,364.1,0.2482
135,-1,447.6,420.2,374.8,437.0,0.3191
135,-1,490.9,454.9,266.7,348.5,0.1821
136,-1,447.8,421.4,374.7,436.0,0.3047
136,-1,491.4,456.0,266.1,346.9,0.1770
137,-1,448.2,421.8,374.6,437.2,0.3164
137,-1,490.6,455.8,267.2,350.8,0.1727
138,-1,432.0,421.1,389.8,444.6,0.3715
138,-1,329.9,335.5,556.2,637.4,0.1043
138,-1,484.3,457.5,277.2,344.6,0.1042
139,-1,432.5,422.6,389.0,441.9,0.3694
140,-1,414.5,409.1,384.2,459.6,0.4384
140,-1,333.8,350.4,494.4,602.7,0.1665
141,-1,415.9,408.7,383.8,457.9,0.4387
141,-1,335.0,349.9,493.7,602.2,0.1532
141,-1,475.1,443.4,288.5,365.2,0.1055
142,-1,415.8,408.6,384.6,458.2,0.4369
142,-1,333.9,349.1,496.3,603.3,0.1604
142,-1,475.2,444.1,288.6,364.3,0.1038
143,-1,417.3,413.5,382.5,458.8,0.4415
143,-1,328.4,346.8,506.0,612.5,0.1292
144,-1,417.0,413.0,382.7,458.3,0.4431
144,-1,328.7,347.1,504.8,608.6,0.1365
145,-1,416.7,411.2,383.1,460.1,0.4483
145,-1,329.3,347.5,503.0,606.7,0.1550
146,-1,435.2,416.6,381.5,449.8,0.3709
146,-1,496.2,450.0,278.3,350.6,0.1223
147,-1,435.4,417.0,382.9,450.1,0.3730
147,-1,496.8,449.4,281.4,352.5,0.1306
148,-1,435.4,417.6,381.4,449.5,0.3750
148,-1,495.2,449.4,281.8,351.4,0.1290
149,-1,437.6,412.5,383.8,444.9,0.4027
150,-1,436.6,412.2,382.6,443.1,0.3996
151,-1,436.1,411.2,382.6,443.9,0.3983
152,-1,427.2,390.8,379.9,426.2,0.4395
152,-1,450.4,501.0,125.2,269.9,0.2338
152,-1,344.5,334.9,495.0,558.9,0.1158
153,-1,427.6,392.6,379.6,427.0,0.4337
153,-1,449.8,500.1,126.2,270.9,0.2340
153,-1,342.9,334.4,499.8,562.5,0.1099
154,-1,428.8,390.8,377.5,425.7,0.4433
154,-1,449.7,500.0,126.9,272.5,0.1898
154,-1,345.1,334.3,493.0,558.2,0.1265
155,-1,416.5,392.6,390.0,451.8,0.3663
155,-1,435.2,501.3,129.6,270.9,0.1361
156,-1,416.2,391.9,389.5,452.4,0.3578
156,-1,435.3,502.0,129.6,270.3,0.1260
157,-1,415.5,389.2,390.6,455.7,0.3618
157,-1,435.8,502.5,129.2,269.8,0.1324
157,-1,459.9,430.9,290.9,365.6,0.1057
158,-1,415.7,388.1,390.6,452.6,0.3627
158,-1,435.7,501.6,129.2,270.4,0.1416
159,-1,446.8,415.2,347.6,406.5,0.3229
159,-1,439.7,511.6,128.1,279.9,0.1069
160,-1,446.6,415.0,348.5,406.7,0.3219
160,-1,439.4,511.8,128.4,279.9,0.1016
161,-1,446.3,414.8,348.4,406.5,0.3252
161,-1,439.4,511.6,128.0,280.1,0.1066
162,-1,451.5,417.4,344.9,397.2,0.3010
163,-1,452.0,416.6,344.6,398.1,0.2923
164,-1,451.4,415.4,345.1,399.5,0.3022
165,-1,451.9,415.3,349.9,397.3,0.2842
166,-1,452.3,415.0,349.0,398.0,0.2869
167,-1,452.0,415.9,348.8,397.0,0.2864
168,-1,451.2,409.2,353.1,404.4,0.2754
169,-1,450.9,409.0,353.1,405.0,0.2743
170,-1,419.9,407.9,389.1,417.8,0.2655
171,-1,420.1,408.0,390.5,419.2,0.2505
171,-1,432.8,512.0,135.1,276.8,0.1044
172,-1,420.9,408.8,389.8,420.6,0.2620
172,-1,432.4,511.6,135.6,276.8,0.1055
173,-1,420.0,425.9,400.7,426.8,0.3768
173,-1,438.0,528.4,129.5,269.6,0.1266
174,-1,419.7,427.3,400.5,424.9,0.3787
174,-1,437.7,528.2,129.5,269.7,0.1362
175,-1,420.1,426.7,399.7,426.1,0.3767
175,-1,437.9,528.0,129.4,270.5,0.1260
176,-1,428.3,432.4,401.4,435.8,0.3761
177,-1,428.5,432.9,402.0,433.6,0.3748
178,-1,428.3,431.4,401.7,435.1,0.3550
179,-1,424.0,431.0,399.3,436.6,0.3520
180,-1,424.4,430.4,400.5,437.8,0.3601
181,-1,424.3,429.8,402.2,439.0,0.3690
182,-1,438.2,417.0,366.1,415.5,0.3458
182,-1,433.8,517.6,134.1,268.9,0.1365
182,-1,562.8,458.2,186.6,236.0,0.1049
183,-1,438.8,417.2,365.7,416.8,0.3568
183,-1,433.8,517.4,134.0,269.4,0.1382
183,-1,563.1,458.5,186.4,236.5,0.1055
184,-1,438.3,417.1,366.4,416.1,0.3406
184,-1,433.6,518.1,134.3,268.2,0.1348
184,-1,563.3,458.4,186.2,235.3,0.1060
185,-1,437.8,417.2,367.1,416.1,0.3338
185,-1,433.7,518.5,134.2,267.4,0.1399
185,-1,563.3,458.1,186.3,234.9,0.1156
186,-1,414.3,398.6,398.5,431.8,0.2327
186,-1,555.5,450.9,198.6,298.1,0.1930
186,-1,432.2,514.0,136.4,276.4,0.1354
187,-1,419.1,419.9,359.1,411.8,0.2351
187,-1,555.3,451.6,198.9,295.0,0.1981
187,-1,432.6,516.0,136.5,272.7,0.1424
188,-1,418.5,419.8,360.7,412.1,0.2230
188,-1,554.8,450.7,199.8,297.7,0.1915
188,-1,431.7,515.1,137.4,274.3,0.1205
189,-1,416.3,424.3,398.3,437.4,0.2522
190,-1,415.5,422.1,400.7,440.1,0.2254
191,-1,416.4,423.1,399.9,438.7,0.2283
192,-1,456.5,481.4,356.6,419.4,0.2971
192,-1,587.3,517.9,196.5,218.2,0.1923
192,-1,475.2,559.7,124.8,271.5,0.1829
193,-1,457.8,481.7,354.8,417.1,0.2900
193,-1,586.7,517.0,197.0,220.4,0.2091
193,-1,467.8,560.8,126.9,270.7,0.1831
194,-1,457.2,481.7,353.6,417.9,0.2969
194,-1,466.8,561.6,128.0,270.9,0.1698
194,-1,586.5,517.3,198.1,220.6,0.1647
195,-1,611.6,520.2,191.8,220.2,0.4131
195,-1,479.8,484.1,354.8,425.6,0.2015
196,-1,611.4,521.5,192.2,219.0,0.3899
196,-1,479.3,490.4,332.4,417.4,0.2111
197,-1,611.4,520.2,191.4,219.9,0.3787
197,-1,479.3,490.5,332.2,417.3,0.2142
198,-1,582.8,466.0,216.6,256.1,0.3405
198,-1,450.5,536.0,133.3,266.4,0.1708
198,-1,452.7,470.5,325.2,414.0,0.1481
198,-1,237.3,26.4,826.2,946.0,0.1121
199,-1,589.7,478.7,195.7,228.7,0.3390
199,-1,450.2,535.0,134.1,267.0,0.1855
199,-1,451.9,468.4,324.4,413.1,0.1472
199,-1,555.5,447.9,259.3,300.4,0.1466
199,-1,239.3,31.1,820.6,938.1,0.1096
200,-1,365.1,329.0,405.1,446.8,0.3426
200,-1,50.8,0.0,960.0,908.1,0.2072
201,-1,364.0,327.8,408.0,447.6,0.3305
201,-1,50.8,0.0,959.4,907.4,0.2091
202,-1,364.6,326.2,409.1,449.0,0.3227
202,-1,51.5,0.0,959.7,907.5,0.2081
203,-1,332.6,262.6,411.4,464.3,0.2943
203,-1,365.5,401.0,139.9,258.4,0.1475
203,-1,86.5,0.0,882.8,837.0,0.1346
203,-1,480.8,328.8,214.0,230.4,0.1179
204,-1,333.2,262.6,410.7,465.1,0.3030
204,-1,83.6,0.0,886.6,838.5,0.1444
204,-1,365.7,401.7,141.0,259.9,0.1250
204,-1,479.1,329.0,215.1,232.1,0.1075
205,-1,333.5,263.1,411.0,461.0,0.2966
205,-1,365.4,400.8,140.9,259.6,0.1467
205,-1,89.4,0.0,881.4,836.3,0.1311
205,-1,483.2,324.6,214.8,255.7,0.1186
206,-1,514.0,305.7,201.2,233.8,0.3760
206,-1,350.1,246.3,417.7,467.4,0.2257
206,-1,374.0,373.8,136.9,286.5,0.1507
207,-1,513.3,305.9,201.9,229.8,0.3820
207,-1,350.5,245.8,416.4,466.4,0.2324
207,-1,374.3,374.7,137.7,284.7,0.1499
208,-1,513.2,305.9,202.4,231.6,0.3406
208,-1,350.4,247.1,414.9,466.1,0.2486
208,-1,374.5,374.4,136.7,285.3,0.1464
208,-1,59.5,0.0,923.1,823.9,0.1061
209,-1,358.1,270.3,401.0,469.9,0.3152
210,-1,357.2,269.7,402.7,470.6,0.3120
211,-1,357.0,268.5,404.8,472.5,0.2931
212,-1,330.2,305.3,416.9,482.5,0.2289
212,-1,372.1,440.4,138.1,262.8,0.1652
212,-1,501.8,370.5,202.6,213.9,0.1158
212,-1,354.5,388.0,238.0,390.5,0.1054
213,-1,331.6,305.4,417.0,481.8,0.2273
213,-1,371.0,431.4,133.9,264.9,0.1571
213,-1,503.0,369.8,200.8,214.8,0.1063
214,-1,330.2,304.1,420.3,486.2,0.2219
214,-1,372.7,439.2,137.7,262.8,0.1680
214,-1,503.0,369.6,200.5,214.1,0.1242
214,-1,354.6,387.2,242.7,396.4,0.1032
215,-1,366.0,422.7,140.3,264.5,0.3919
215,-1,495.7,343.4,216.1,255.9,0.3363
215,-1,324.6,293.6,414.7,470.4,0.2604
215,-1,187.2,20.7,757.7,848.5,0.1252
215,-1,345.0,387.6,193.2,357.3,0.1207
216,-1,365.8,422.6,139.9,266.1,0.3857
216,-1,498.1,345.5,212.6,251.7,0.3627
216,-1,325.0,295.1,416.0,473.2,0.2710
216,-1,189.3,21.2,755.4,854.6,0.1110
216,-1,344.7,388.5,194.7,358.0,0.1005
217,-1,365.8,422.1,137.8,265.1,0.3808
217,-1,497.1,343.5,214.0,253.7,0.3727
217,-1,324.7,289.5,417.4,474.1,0.2510
217,-1,190.1,19.5,755.5,848.0,0.1384
217,-1,343.9,384.6,195.0,359.4,0.1071
218,-1,502.8,273.7,198.2,244.5,0.4863
218,-1,364.3,345.3,134.6,255.5,0.4442
218,-1,216.0,1.7,714.7,774.9,0.2137
218,-1,312.8,141.8,484.3,559.1,0.1707
219,-1,502.8,273.5,198.4,241.6,0.5082
219,-1,364.2,346.4,135.1,255.6,0.4525
219,-1,216.0,1.9,715.1,775.8,0.2059
219,-1,313.0,139.5,488.6,563.4,0.1727
220,-1,502.9,273.3,198.2,242.1,0.5010
220,-1,364.6,347.4,134.7,254.1,0.4412
220,-1,214.9,2.1,717.5,773.2,0.2177
220,-1,313.2,141.4,481.0,557.7,0.1734
221,-1,491.5,241.5,210.3,249.1,0.6992
221,-1,346.3,319.8,140.2,246.5,0.4405
221,-1,116.5,0.1,804.1,791.0,0.1400
221,-1,278.9,121.2,575.9,603.8,0.1104
222,-1,491.4,242.4,210.7,246.0,0.6886
222,-1,346.2,320.3,140.4,245.2,0.4464
222,-1,115.8,0.1,805.3,792.0,0.1379
222,-1,278.0,120.8,577.0,605.9,0.1068
223,-1,491.7,241.7,210.6,248.0,0.6870
223,-1,346.0,319.7,140.5,246.0,0.4261
223,-1,119.7,0.4,798.6,788.9,0.1368
223,-1,280.3,127.3,564.1,592.2,0.1134
224,-1,491.6,241.5,210.1,248.1,0.6982
224,-1,346.3,320.4,140.4,245.9,0.4245
224,-1,109.9,0.0,812.6,790.5,0.1422
224,-1,277.6,123.0,584.5,601.2,0.1174
225,-1,473.9,261.1,210.7,254.6,0.5420
225,-1,327.5,342.3,139.5,257.0,0.4341
225,-1,272.7,144.0,514.4,575.5,0.1968
225,-1,79.8,0.7,830.2,806.4,0.1465
226,-1,473.4,258.0,211.8,257.3,0.5462
226,-1,327.9,344.1,139.1,257.0,0.4090
226,-1,272.9,146.0,511.5,575.6,0.1967
226,-1,76.4,0.6,833.7,809.9,0.1380
227,-1,472.5,251.9,218.8,279.8,0.5619
227,-1,327.7,343.1,139.6,257.7,0.4309
227,-1,274.1,144.8,511.7,574.5,0.1869
227,-1,75.5,0.5,835.8,807.6,0.1496
228,-1,478.2,269.2,222.0,270.2,0.6774
228,-1,334.2,361.4,148.3,267.5,0.3750
228,-1,290.6,144.1,471.6,602.4,0.1597
228,-1,167.0,23.9,717.9,812.9,0.1455
228,-1,306.4,317.9,213.9,366.6,0.1421
229,-1,477.3,266.8,222.8,272.0,0.6637
229,-1,333.9,361.0,149.3,269.8,0.3871
229,-1,289.7,147.7,472.8,598.4,0.1724
229,-1,306.7,319.1,213.8,365.1,0.1533
229,-1,165.1,24.0,718.8,812.1,0.1422
230,-1,477.3,267.0,222.9,272.7,0.6658
230,-1,333.8,360.6,149.6,270.9,0.3848
230,-1,290.8,150.6,471.6,594.8,0.1703
230,-1,307.2,319.7,213.1,365.1,0.1548
230,-1,168.7,24.0,714.6,811.6,0.1426
231,-1,504.1,264.3,225.6,285.6,0.7113
231,-1,366.5,352.4,135.9,257.2,0.5267
231,-1,193.6,0.0,756.9,824.7,0.1823
231,-1,309.5,113.3,531.0,644.0,0.1359
232,-1,503.6,263.1,226.7,285.7,0.7141
232,-1,367.1,352.8,134.8,260.3,0.5025
232,-1,195.4,0.0,756.1,825.2,0.1718
232,-1,312.1,116.4,525.2,639.8,0.1428
233,-1,503.7,266.1,226.5,279.5,0.7152
233,-1,366.9,352.8,135.6,263.4,0.5041
233,-1,194.9,0.0,757.1,825.6,0.1720
233,-1,310.5,113.7,533.3,645.1,0.1389
233,-1,341.6,310.8,190.5,380.3,0.1009
234,-1,503.0,246.1,224.1,288.8,0.7186
234,-1,354.8,336.5,146.8,267.0,0.5376
234,-1,289.7,132.6,631.4,607.6,0.1629
234,-1,324.0,299.9,204.5,357.3,0.1093
235,-1,503.0,245.2,224.1,289.8,0.7127
235,-1,355.0,336.6,147.2,269.7,0.5110
235,-1,289.4,134.2,622.6,606.5,0.1623
235,-1,324.1,301.4,206.2,356.1,0.1185
236,-1,503.3,246.2,223.7,288.2,0.7086
236,-1,355.5,337.9,146.1,268.8,0.5167
236,-1,290.6,132.0,634.2,610.5,0.1592
236,-1,325.6,304.1,203.3,353.6,0.1238
237,-1,469.4,211.1,224.8,297.8,0.6932
237,-1,310.6,297.7,150.6,244.9,0.5657
237,-1,191.3,4.2,656.1,745.4,0.2102
238,-1,469.2,203.1,232.3,299.0,0.6910
238,-1,310.4,296.1,150.7,245.8,0.5715
238,-1,192.5,4.8,648.8,743.0,0.2077
239,-1,469.3,210.7,224.9,296.2,0.6983
239,-1,311.1,296.3,150.0,246.4,0.5695
239,-1,189.5,4.1,657.6,746.8,0.2024
240,-1,472.5,210.3,231.6,304.2,0.6879
240,-1,323.6,300.5,143.9,240.0,0.5993
240,-1,179.8,1.2,689.9,771.8,0.1912
241,-1,472.6,210.7,230.8,299.3,0.6877
241,-1,323.3,300.2,143.9,242.8,0.6092
241,-1,180.2,1.3,690.7,771.0,0.1900
242,-1,472.4,210.8,230.3,299.4,0.6897
242,-1,323.7,301.7,143.7,240.5,0.6022
242,-1,178.9,1.2,693.3,771.5,0.1891
243,-1,532.1,241.2,232.9,275.0,0.7524
243,-1,386.6,337.2,146.4,259.3,0.5810
243,-1,189.8,0.0,785.1,807.6,0.1847
243,-1,355.9,286.8,207.3,355.9,0.1105
244,-1,532.0,240.8,232.9,274.1,0.7535
244,-1,386.1,337.2,146.8,258.8,0.5886
244,-1,189.1,0.0,785.2,807.9,0.1872
244,-1,355.8,286.7,206.4,356.8,0.1105
245,-1,531.9,240.7,233.0,273.4,0.7577
245,-1,386.2,337.3,146.0,258.0,0.5817
245,-1,189.4,0.0,786.9,806.8,0.1911
245,-1,355.7,286.3,206.8,355.0,0.1101
246,-1,558.2,268.3,219.8,267.7,0.7108
246,-1,395.7,367.2,155.4,266.9,0.5327
246,-1,289.7,34.1,655.2,778.1,0.1438
246,-1,361.2,319.9,242.4,404.0,0.1302
247,-1,558.1,266.7,220.1,270.5,0.7125
247,-1,395.5,367.2,155.8,268.2,0.5307
247,-1,290.5,33.7,654.0,777.5,0.1439
247,-1,361.8,320.0,240.4,403.5,0.1289
248,-1,557.9,266.2,220.6,270.6,0.7282
248,-1,396.3,367.3,155.2,268.2,0.5276
248,-1,290.2,33.7,654.9,778.6,0.1441
248,-1,361.9,320.9,242.6,404.5,0.1268
249,-1,527.9,289.2,230.9,266.8,0.7297
249,-1,355.3,365.6,160.5,267.4,0.4936
249,-1,232.2,20.8,711.3,823.4,0.1978
249,-1,327.1,321.5,212.1,363.1,0.1067
250,-1,527.9,289.3,232.0,266.6,0.7357
250,-1,355.6,365.8,160.2,266.6,0.4897
250,-1,232.8,21.3,709.5,824.0,0.1904
250,-1,327.1,320.4,212.5,364.6,0.1031
251,-1,528.9,289.8,229.8,268.6,0.7500
251,-1,354.5,363.9,161.1,269.8,0.5035
251,-1,235.2,23.4,706.9,820.5,0.1697
251,-1,325.3,313.5,215.0,367.6,0.1194
252,-1,533.8,288.9,222.7,272.2,0.7079
252,-1,358.1,359.2,156.4,271.0,0.4953
252,-1,240.8,23.5,689.4,807.9,0.1823
252,-1,323.8,302.5,221.7,388.5,0.1316
253,-1,533.3,288.4,223.5,272.1,0.7064
253,-1,357.5,361.1,156.7,270.3,0.4999
253,-1,240.4,23.1,687.0,808.9,0.1813
253,-1,324.1,303.8,221.0,383.0,0.1453
254,-1,533.4,288.0,223.5,272.8,0.7045
254,-1,357.4,361.2,156.6,270.0,0.4996
254,-1,240.5,24.4,685.1,807.3,0.1709
254,-1,324.5,304.8,219.3,383.0,0.1420
255,-1,563.0,248.0,233.6,271.4,0.7625
255,-1,395.8,335.8,154.1,265.3,0.5343
255,-1,370.3,296.6,195.0,360.6,0.2140
255,-1,270.5,0.3,734.5,804.3,0.1811
256,-1,563.3,247.5,232.8,270.6,0.7657
256,-1,396.1,335.9,153.8,264.6,0.5268
256,-1,370.8,297.5,194.1,359.6,0.2064
256,-1,269.7,0.1,736.8,805.3,0.1805
257,-1,563.3,247.1,233.7,271.8,0.7599
257,-1,396.0,336.4,153.7,263.9,0.5265
257,-1,371.0,298.1,194.0,358.6,0.2034
257,-1,268.4,0.0,739.0,806.0,0.1843
258,-1,564.7,252.4,240.8,280.1,0.7297
258,-1,401.4,340.6,149.2,259.5,0.5365
258,-1,375.9,304.9,188.4,347.9,0.1894
258,-1,304.5,39.0,655.1,754.0,0.1707
259,-1,564.1,251.9,241.5,282.8,0.7289
259,-1,401.8,341.1,148.8,259.8,0.5347
259,-1,376.1,306.4,188.1,346.6,0.1878
259,-1,306.7,43.8,646.7,744.4,0.1645
260,-1,564.4,251.6,242.6,282.6,0.7351
260,-1,401.3,341.5,149.1,259.6,0.5497
260,-1,305.1,40.5,653.9,751.4,0.1717
261,-1,547.3,289.9,242.9,285.7,0.7532
261,-1,370.0,371.7,158.4,264.2,0.5845
261,-1,267.5,38.0,690.7,801.7,0.1305
261,-1,336.6,316.0,208.8,378.4,0.1015
262,-1,547.4,289.7,241.4,286.1,0.7531
262,-1,370.2,371.7,158.6,263.5,0.5839
262,-1,267.9,38.2,688.9,801.1,0.1294
263,-1,547.4,289.7,241.9,286.0,0.7552
263,-1,370.3,371.8,158.7,264.2,0.5780
263,-1,269.7,40.3,684.8,796.7,0.1278
264,-1,566.1,295.2,250.2,285.7,0.7783
264,-1,392.3,391.3,159.3,262.0,0.4422
264,-1,364.5,349.1,204.2,359.4,0.1624
264,-1,273.0,26.7,732.3,834.7,0.1248
265,-1,564.1,295.1,254.1,286.1,0.7791
265,-1,392.0,391.6,159.2,260.8,0.4617
265,-1,365.1,353.0,203.2,350.4,0.1682
265,-1,269.8,23.8,740.3,840.9,0.1388
266,-1,565.0,295.0,252.3,285.4,0.7801
266,-1,392.1,390.5,159.2,260.8,0.4555
266,-1,364.3,347.2,204.7,357.2,0.1582
266,-1,270.2,23.9,740.7,838.5,0.1407
267,-1,619.8,276.4,256.5,296.0,0.7427
267,-1,434.0,353.7,176.1,296.0,0.5457
267,-1,331.4,30.6,727.7,808.4,0.1362
268,-1,619.9,276.4,258.3,296.2,0.7349
268,-1,434.1,353.9,176.9,296.3,0.5486
268,-1,330.7,28.1,729.9,813.3,0.1384
269,-1,619.9,275.2,258.3,297.8,0.7294
269,-1,434.0,354.3,176.9,296.8,0.5390
269,-1,330.3,27.4,729.2,815.6,0.1455
270,-1,601.9,177.2,262.3,358.8,0.5701
270,-1,420.7,278.0,168.4,285.5,0.5682
270,-1,322.9,0.0,754.7,769.2,0.2714
270,-1,375.6,228.7,236.8,389.7,0.1005
271,-1,599.9,162.4,265.6,374.3,0.5540
271,-1,420.8,277.6,168.4,287.5,0.5518
271,-1,323.6,0.0,749.5,766.8,0.2823
271,-1,375.2,228.4,238.1,393.2,0.1088
272,-1,420.7,278.1,168.5,285.2,0.5679
272,-1,601.9,177.7,262.3,361.7,0.5612
272,-1,323.3,0.0,754.0,767.9,0.2712
273,-1,503.1,18.7,274.5,351.1,0.6913
273,-1,313.5,133.1,180.9,292.6,0.3893
273,-1,272.4,91.5,246.7,408.8,0.1816
273,-1,168.4,0.0,749.0,621.5,0.1129
274,-1,503.1,19.1,273.9,350.3,0.6908
274,-1,299.6,116.3,202.1,336.1,0.3777
274,-1,169.4,0.0,748.2,620.4,0.1172
275,-1,503.0,18.8,274.9,351.7,0.6865
275,-1,299.1,115.5,202.9,336.3,0.3880
275,-1,167.9,0.0,752.1,621.4,0.1146
276,-1,501.0,0.0,270.3,352.8,0.6730
276,-1,296.5,105.8,182.3,272.6,0.4181
276,-1,269.3,78.8,237.4,354.2,0.2286
277,-1,501.3,0.0,270.1,352.7,0.6825
277,-1,279.5,90.3,208.9,322.5,0.4442
277,-1,242.6,57.7,282.2,405.5,0.1145
278,-1,501.2,0.0,270.8,353.5,0.6765
278,-1,296.5,104.9,182.4,274.1,0.4326
278,-1,255.9,68.4,261.0,370.8,0.2198
279,-1,561.9,60.9,276.3,331.4,0.6886
279,-1,351.8,145.8,201.8,312.6,0.5458
279,-1,262.7,0.0,760.6,666.0,0.1344
280,-1,561.5,45.7,280.8,352.1,0.6884
280,-1,351.8,146.5,201.1,312.3,0.5458
280,-1,261.9,0.0,761.8,669.7,0.1331
281,-1,562.1,61.8,276.4,331.2,0.6901
281,-1,352.1,147.1,201.0,310.1,0.5522
281,-1,261.4,0.0,763.7,670.1,0.1304
282,-1,607.2,149.1,266.1,326.4,0.6749
282,-1,401.2,246.1,180.7,282.4,0.3936
282,-1,310.4,0.0,784.1,777.4,0.2025
283,-1,607.6,150.0,265.4,324.6,0.6790
283,-1,401.5,246.3,181.0,284.0,0.3985
283,-1,313.0,0.0,780.6,777.9,0.2056
284,-1,607.5,149.5,266.1,325.4,0.6701
284,-1,401.1,245.4,180.7,282.6,0.4170
284,-1,311.9,0.0,781.5,777.6,0.2030
285,-1,598.7,226.1,267.4,322.1,0.6959
285,-1,382.4,308.5,205.5,330.6,0.4793
285,-1,297.6,6.6,788.8,856.3,0.1638
286,-1,599.0,227.0,267.4,321.8,0.6942
286,-1,393.2,327.0,190.4,291.0,0.4864
286,-1,296.8,6.4,792.4,857.5,0.1648
286,-1,359.4,284.3,248.1,381.3,0.1120
287,-1,598.8,227.2,266.9,321.6,0.6938
287,-1,382.4,309.1,206.1,330.3,0.4790
287,-1,293.8,5.5,795.0,857.5,0.1647
288,-1,593.2,230.1,266.0,310.0,0.7134
288,-1,385.4,332.8,176.3,269.3,0.4871
288,-1,351.7,271.5,235.2,375.9,0.1425
288,-1,256.4,19.2,764.1,848.0,0.1066
289,-1,592.2,231.6,266.0,307.2,0.7279
289,-1,384.9,331.9,176.8,268.3,0.5031
289,-1,351.0,270.7,235.2,375.5,0.1342
289,-1,257.3,20.2,763.3,846.8,0.1087
290,-1,592.6,232.3,266.2,306.3,0.7172
290,-1,385.1,331.8,177.0,271.4,0.4911
290,-1,350.9,271.1,238.0,376.2,0.1441
290,-1,255.9,19.3,766.1,848.0,0.1108
291,-1,569.4,161.0,282.1,331.9,0.7135
291,-1,351.5,253.4,208.8,330.4,0.5395
291,-1,646.5,194.1,186.8,291.7,0.1928
291,-1,236.3,0.0,812.2,812.2,0.1125
292,-1,570.2,161.1,281.1,336.3,0.7086
292,-1,351.5,253.6,207.8,329.8,0.5300
292,-1,641.6,193.8,191.4,292.8,0.2019
292,-1,236.8,0.0,810.9,810.5,0.1091
293,-1,570.4,160.4,282.2,338.6,0.7086
293,-1,351.3,252.4,207.9,330.3,0.5274
293,-1,642.7,195.1,190.4,293.1,0.2010
293,-1,236.0,0.0,812.4,809.4,0.1110
294,-1,593.3,162.2,272.8,347.5,0.7003
294,-1,364.6,249.7,211.3,333.2,0.5397
294,-1,268.8,0.0,825.1,811.1,0.1359
295,-1,593.4,164.4,273.0,346.9,0.6936
295,-1,364.6,249.7,211.0,332.7,0.5463
295,-1,270.2,0.0,823.7,810.2,0.1449
296,-1,593.4,164.1,272.8,348.3,0.6978
296,-1,364.6,248.9,211.4,333.3,0.5399
296,-1,271.0,0.0,822.1,809.6,0.1466
297,-1,624.2,217.7,277.3,352.2,0.6271
297,-1,401.3,321.4,199.3,303.5,0.5025
297,-1,674.0,254.5,203.1,281.0,0.1566
297,-1,224.6,0.0,898.7,842.1,0.1500
298,-1,623.0,217.5,278.3,360.7,0.6200
298,-1,400.9,321.3,199.5,301.4,0.5207
298,-1,224.7,0.0,898.0,842.1,0.1503
298,-1,669.8,253.8,207.0,282.0,0.1404
299,-1,622.9,218.5,278.4,361.2,0.6202
299,-1,400.7,320.8,199.9,301.9,0.4980
299,-1,228.0,0.0,894.0,840.8,0.1633
299,-1,668.1,253.4,208.1,282.9,0.1393
300,-1,378.8,279.3,212.3,329.1,0.5962
300,-1,616.9,193.8,275.4,357.4,0.5772
300,-1,200.6,0.0,923.1,838.5,0.1804
300,-1,665.7,225.2,202.1,276.8,0.1180
301,-1,378.6,279.3,212.3,328.5,0.5910
301,-1,606.7,179.6,286.8,388.3,0.5726
301,-1,654.8,222.1,216.5,300.5,0.2776
301,-1,195.4,0.0,928.5,839.4,0.1708
302,-1,378.8,279.4,212.3,328.1,0.6002
302,-1,616.2,193.2,276.5,359.4,0.5763
302,-1,197.5,0.0,927.1,839.2,0.1719
302,-1,663.8,224.8,204.4,277.4,0.1008
303,-1,562.9,79.0,291.2,383.8,0.6094
303,-1,316.0,177.4,234.1,360.5,0.4165
303,-1,647.9,119.9,186.0,312.0,0.2732
304,-1,562.5,78.0,292.1,382.9,0.6088
304,-1,316.3,177.7,233.4,361.8,0.4183
304,-1,651.4,119.9,183.0,310.8,0.2637
305,-1,562.7,77.8,292.8,383.5,0.6076
305,-1,316.3,177.1,233.5,362.6,0.4026
305,-1,653.4,120.5,181.4,310.3,0.2652
306,-1,555.0,96.8,289.7,360.5,0.6125
306,-1,324.3,211.9,210.1,322.4,0.5098
306,-1,641.1,136.5,186.6,310.3,0.1128
307,-1,555.4,95.9,289.8,361.9,0.6084
307,-1,324.8,210.4,210.2,323.7,0.5135
307,-1,643.0,136.4,184.7,310.2,0.1228
308,-1,554.6,96.8,290.2,359.9,0.6190
308,-1,324.8,210.2,209.8,324.0,0.5099
308,-1,643.1,137.2,184.4,310.1,0.1157
309,-1,596.0,227.4,295.2,367.1,0.6237
309,-1,350.0,322.7,230.5,350.7,0.5044
309,-1,660.5,271.9,210.5,301.8,0.3008
309,-1,152.1,0.0,963.7,911.6,0.1577
310,-1,596.2,227.2,294.8,368.3,0.6232
310,-1,349.9,321.5,230.6,351.5,0.5038
310,-1,662.8,271.9,207.8,301.6,0.3073
310,-1,154.7,0.0,959.5,912.3,0.1563
311,-1,596.1,227.7,294.7,369.2,0.6238
311,-1,348.8,320.9,232.1,353.2,0.5026
311,-1,663.8,271.4,206.7,303.7,0.3025
311,-1,154.7,0.0,958.2,911.7,0.1634
312,-1,621.1,290.1,283.6,375.0,0.5926
312,-1,360.7,382.9,236.3,355.1,0.4730
312,-1,698.3,324.3,193.6,318.2,0.2162
313,-1,621.4,290.3,283.6,374.5,0.5919
313,-1,360.7,383.8,235.1,353.0,0.4682
313,-1,700.8,324.9,190.3,316.1,0.2208
314,-1,621.4,289.7,283.6,377.5,0.5859
314,-1,361.5,384.7,234.5,353.0,0.4727
314,-1,698.6,324.7,193.1,317.7,0.2288
315,-1,588.6,253.7,296.9,362.2,0.6286
315,-1,336.1,352.4,233.1,351.0,0.5201
315,-1,122.9,4.1,991.1,917.4,0.1203
315,-1,673.2,298.2,192.6,303.6,0.1100
316,-1,588.4,254.0,296.9,363.5,0.6329
316,-1,336.3,352.4,232.2,350.4,0.5198
316,-1,124.7,4.5,986.8,916.1,0.1188
317,-1,588.6,254.5,296.5,362.1,0.6369
317,-1,337.0,352.5,231.7,348.9,0.5257
317,-1,120.9,3.9,993.0,917.1,0.1196
317,-1,670.2,298.2,195.6,305.9,0.1016
318,-1,287.3,255.3,246.0,379.5,0.5515
318,-1,556.1,166.8,299.8,405.1,0.4498
318,-1,649.5,199.8,188.6,328.7,0.2573
319,-1,287.1,252.9,246.1,379.5,0.5550
319,-1,556.6,166.3,299.4,405.5,0.4538
319,-1,643.5,198.3,195.0,331.0,0.2524
320,-1,287.1,254.9,246.0,378.5,0.5502
320,-1,555.5,166.2,299.8,404.1,0.4537
320,-1,647.2,198.2,190.6,330.5,0.2390
321,-1,503.0,46.2,319.9,434.9,0.4185
321,-1,238.2,161.8,257.2,381.8,0.4084
321,-1,600.6,96.5,211.3,330.1,0.3560
322,-1,238.5,162.6,256.6,379.3,0.4153
322,-1,502.8,46.0,320.0,435.8,0.4123
322,-1,599.9,95.8,212.2,330.5,0.3546
323,-1,238.5,162.3,256.5,378.6,0.4176
323,-1,502.8,45.8,320.4,437.6,0.4078
323,-1,598.3,95.6,213.9,332.0,0.3448
324,-1,501.3,84.5,302.0,367.4,0.5418
324,-1,223.4,193.2,248.4,359.6,0.4553
325,-1,501.1,85.1,302.0,366.8,0.5466
325,-1,223.5,192.5,248.6,360.8,0.4494
326,-1,501.0,84.0,302.4,368.2,0.5429
326,-1,223.6,192.7,247.8,360.6,0.4511
327,-1,501.1,214.8,306.5,406.5,0.5765
327,-1,221.0,316.7,260.9,381.8,0.4948
327,-1,596.2,257.1,194.1,325.8,0.3908
328,-1,501.0,214.9,306.2,406.7,0.5715
328,-1,220.5,315.8,261.0,382.2,0.4947
328,-1,595.0,256.8,195.0,326.5,0.3766
329,-1,501.0,214.8,306.6,408.0,0.5678
329,-1,220.4,315.8,260.6,382.9,0.4966
329,-1,595.8,257.0,194.4,326.9,0.3769
330,-1,477.3,272.0,307.6,405.3,0.5253
330,-1,546.9,309.1,225.4,327.6,0.4745
330,-1,184.1,365.3,263.7,390.5,0.3472
331,-1,477.1,271.6,308.1,404.4,0.5298
331,-1,546.7,309.2,225.8,327.8,0.4716
331,-1,184.6,365.0,263.9,395.0,0.3231
332,-1,477.3,272.1,307.6,404.7,0.5225
332,-1,548.3,309.6,224.1,326.5,0.4825
332,-1,184.5,365.7,263.6,391.1,0.3356
333,-1,427.3,239.6,306.4,414.3,0.4461
333,-1,115.6,336.3,285.9,403.2,0.3131
333,-1,532.0,284.2,187.9,330.4,0.2711
334,-1,431.1,248.8,302.8,382.8,0.4456
334,-1,115.4,334.9,288.0,406.1,0.3098
334,-1,531.7,284.0,188.3,330.0,0.2671
335,-1,427.3,240.2,306.7,412.0,0.4458
335,-1,115.7,334.8,285.9,404.1,0.3120
335,-1,535.2,283.8,185.0,328.8,0.2560
336,-1,390.5,219.0,314.4,416.5,0.4187
336,-1,34.8,313.3,339.2,416.8,0.3436
336,-1,509.4,270.2,178.8,321.1,0.2880
336,-1,1.8,126.9,405.5,680.9,0.1441
336,-1,89.0,347.7,260.9,315.8,0.1375
337,-1,406.0,229.5,299.3,409.6,0.4249
337,-1,35.0,313.5,339.0,417.4,0.3445
337,-1,509.4,269.9,178.9,319.6,0.3035
337,-1,1.8,128.9,404.9,679.7,0.1408
337,-1,88.4,347.5,260.9,316.3,0.1323
338,-1,405.6,229.9,299.7,409.2,0.4281
338,-1,35.0,312.3,338.7,417.5,0.3445
338,-1,510.2,270.0,178.4,320.0,0.3016
338,-1,1.6,130.3,404.6,677.6,0.1379
338,-1,88.4,347.0,261.2,316.7,0.1312
339,-1,390.3,220.9,317.1,426.6,0.4425
339,-1,56.1,317.8,308.5,409.4,0.3737
339,-1,0.0,90.5,407.4,722.8,0.2633
339,-1,511.7,271.3,182.9,342.8,0.2131
340,-1,390.2,221.0,317.6,427.1,0.4442
340,-1,55.8,317.3,309.1,408.5,0.3686
340,-1,0.0,93.9,407.0,718.7,0.2818
340,-1,512.1,271.2,182.5,343.1,0.2036
341,-1,390.3,221.0,317.7,427.0,0.4413
341,-1,56.0,318.2,307.7,406.0,0.3716
341,-1,0.0,94.2,406.4,717.9,0.2791
341,-1,511.8,271.6,183.2,342.5,0.2099
342,-1,411.1,221.1,323.1,383.8,0.4877
342,-1,41.2,341.3,339.8,393.5,0.3672
342,-1,539.6,271.1,181.8,324.9,0.2241
343,-1,410.4,222.3,323.7,389.4,0.4935
343,-1,41.1,342.3,339.6,391.4,0.3620
343,-1,539.5,270.8,181.6,327.7,0.1710
344,-1,410.5,222.6,323.1,389.0,0.4868
344,-1,40.2,341.4,339.5,391.3,0.3567
344,-1,540.0,271.1,180.6,326.2,0.1899
345,-1,457.3,224.1,315.1,374.8,0.4835
345,-1,115.5,316.9,305.3,408.8,0.3407
346,-1,456.7,224.2,314.9,375.9,0.4903
346,-1,114.7,316.2,306.9,409.6,0.3364
347,-1,456.1,224.5,316.6,378.1,0.4812
347,-1,114.6,316.7,306.3,409.3,0.3302
347,-1,554.8,257.7,200.8,342.5,0.1002
348,-1,436.9,190.4,336.3,430.3,0.4377
348,-1,118.3,300.0,294.1,403.4,0.3657
348,-1,557.4,225.1,203.0,362.3,0.3368
348,-1,28.1,271.4,409.7,492.7,0.1875
349,-1,437.5,190.0,336.4,431.2,0.4390
349,-1,118.4,301.0,295.0,404.4,0.3744
349,-1,554.2,224.9,207.2,364.1,0.3376
349,-1,28.5,273.9,410.4,491.7,0.1885
350,-1,436.5,190.0,337.4,427.8,0.4481
350,-1,118.9,300.8,293.5,403.1,0.3836
350,-1,555.9,225.0,205.6,361.6,0.3314
350,-1,28.3,272.6,410.2,492.1,0.1794
351,-1,38.4,271.7,337.6,405.0,0.5199
351,-1,430.9,162.4,327.0,400.5,0.3932
351,-1,551.9,202.6,186.1,345.3,0.2807
351,-1,130.1,0.0,221.6,67.7,0.1038
352,-1,38.5,271.9,337.0,403.4,0.5164
352,-1,432.1,162.2,326.7,402.4,0.3836
352,-1,549.1,202.4,189.2,346.0,0.3186
352,-1,129.5,0.0,223.0,66.3,0.1021
353,-1,38.5,271.5,337.1,403.0,0.5132
353,-1,432.0,162.0,327.0,400.8,0.3826
353,-1,549.3,201.3,189.9,347.7,0.3014
353,-1,130.0,0.0,222.2,65.6,0.1055
354,-1,37.8,213.1,344.8,413.0,0.5167
354,-1,434.3,81.3,330.8,422.2,0.4633
354,-1,540.5,120.2,210.7,379.8,0.1895
355,-1,38.4,213.5,344.4,411.6,0.5157
355,-1,434.3,81.3,332.1,419.4,0.4416
355,-1,543.8,121.1,208.1,373.3,0.2316
356,-1,38.1,213.4,344.7,412.4,0.5164
356,-1,434.5,80.0,331.5,424.3,0.4525
356,-1,539.4,120.5,212.5,379.0,0.2115
357,-1,470.8,7.9,355.6,440.4,0.5161
357,-1,68.7,141.0,356.7,422.5,0.5107
357,-1,598.6,53.9,208.0,378.3,0.2403
358,-1,470.5,8.2,355.3,439.1,0.5147
358,-1,68.3,140.3,356.9,422.7,0.5071
358,-1,600.1,55.1,206.1,375.4,0.2499
359,-1,470.7,8.5,355.3,439.3,0.5183
359,-1,68.4,141.1,357.4,422.9,0.5157
359,-1,599.1,55.4,208.3,376.6,0.2308
360,-1,476.1,0.0,362.6,399.5,0.4919
360,-1,66.5,74.9,368.7,436.7,0.4536
361,-1,475.6,0.0,362.9,398.6,0.4986
361,-1,67.0,74.7,368.0,434.2,0.4506
362,-1,476.8,0.0,361.8,400.0,0.4917
362,-1,67.1,76.6,367.7,434.1,0.4574
363,-1,27.1,76.7,381.6,447.8,0.4786
363,-1,439.6,0.0,384.7,394.7,0.4742
363,-1,591.0,0.0,208.8,389.9,0.1148
364,-1,27.2,76.2,381.7,446.8,0.4836
364,-1,440.0,0.0,383.0,394.0,0.4702
364,-1,591.2,0.0,206.8,389.3,0.1049
365,-1,27.2,75.7,381.8,451.3,0.4842
365,-1,438.9,0.0,384.5,393.4,0.4588
366,-1,41.8,160.4,365.9,432.8,0.5144
366,-1,471.2,16.9,364.1,449.0,0.5030
367,-1,41.7,160.7,365.5,430.5,0.5112
367,-1,472.5,16.6,363.6,449.0,0.5055
368,-1,41.5,160.6,366.3,433.1,0.5134
368,-1,472.6,16.6,362.7,447.4,0.4967
369,-1,97.0,304.1,360.3,425.7,0.4005
369,-1,526.6,171.8,351.1,439.9,0.3706
369,-1,637.5,213.5,224.8,388.8,0.1145
370,-1,97.1,304.4,360.2,426.2,0.4018
370,-1,525.7,171.9,351.9,440.2,0.3725
370,-1,638.1,213.8,224.1,389.2,0.1104
370,-1,673.8,240.3,158.7,217.7,0.1027
371,-1,96.7,303.7,360.9,427.0,0.4029
371,-1,527.8,171.7,350.9,441.0,0.3694
371,-1,639.5,214.2,222.9,387.8,0.1380
372,-1,526.5,186.3,357.0,437.9,0.4126
372,-1,98.6,313.0,363.1,423.6,0.4011
372,-1,647.4,231.9,221.1,371.9,0.2321
373,-1,524.9,186.3,358.0,437.7,0.4134
373,-1,96.9,312.8,363.9,423.5,0.4014
373,-1,646.6,230.4,221.9,373.9,0.2184
374,-1,525.5,186.8,357.7,437.7,0.4138
374,-1,97.7,311.3,362.7,423.9,0.3970
374,-1,647.0,231.4,221.1,372.2,0.2299
375,-1,59.6,181.0,371.6,457.0,0.5747
375,-1,491.0,33.4,382.5,475.9,0.4955
376,-1,59.5,181.5,371.1,455.6,0.5737
376,-1,490.7,33.4,384.2,477.1,0.4913
376,-1,628.2,105.9,230.2,394.0,0.1144
377,-1,59.0,181.3,371.6,456.0,0.5728
377,-1,490.8,33.1,383.4,478.0,0.4932
378,-1,67.9,115.3,372.0,459.9,0.5449
378,-1,477.0,0.0,436.6,450.6,0.3558
378,-1,687.4,42.0,172.8,246.6,0.1494
378,-1,574.5,0.7,302.7,365.2,0.1269
379,-1,67.3,114.2,373.2,459.4,0.5371
379,-1,479.7,0.0,433.6,451.5,0.3471
379,-1,573.7,1.2,301.5,368.3,0.1218
379,-1,687.2,40.4,172.3,251.2,0.1178
380,-1,67.9,114.9,372.0,459.0,0.5442
380,-1,478.3,0.0,436.0,451.1,0.3540
380,-1,687.7,42.1,172.8,247.0,0.1519
380,-1,573.8,0.8,303.2,365.4,0.1303
381,-1,117.6,137.3,369.0,442.7,0.5361
381,-1,551.5,0.0,402.2,458.1,0.4827
382,-1,117.9,138.2,368.6,441.8,0.5356
382,-1,550.9,0.0,401.0,457.3,0.4827
383,-1,117.6,138.4,369.0,444.2,0.5371
383,-1,550.5,0.0,400.2,457.0,0.4856
384,-1,124.3,191.1,369.2,440.5,0.5585
384,-1,557.4,28.1,406.4,487.0,0.4764
385,-1,124.3,191.4,368.8,441.0,0.5604
385,-1,557.7,28.3,406.9,484.2,0.4771
386,-1,125.6,191.2,368.0,439.3,0.5582
386,-1,557.6,28.2,406.2,485.5,0.4740
387,-1,86.9,257.3,379.8,440.6,0.5221
387,-1,553.7,106.5,391.9,466.6,0.3740
388,-1,86.9,257.6,379.7,440.4,0.5221
388,-1,553.5,105.9,392.0,466.9,0.3749
389,-1,86.8,257.5,380.3,441.7,0.5247
389,-1,553.4,106.2,391.7,467.1,0.3793
390,-1,88.3,287.6,383.1,458.3,0.5228
390,-1,551.3,144.2,406.6,477.9,0.3904
391,-1,88.5,287.7,383.6,459.2,0.5236
391,-1,551.7,144.7,405.8,474.8,0.3870
392,-1,88.7,288.1,383.5,460.1,0.5258
392,-1,551.0,144.9,407.4,476.0,0.4027
393,-1,140.0,293.1,380.0,447.4,0.4892
393,-1,594.2,89.7,446.3,528.2,0.3122
393,-1,775.5,220.7,200.3,249.9,0.1091
393,-1,718.6,169.3,277.2,354.3,0.1089
394,-1,139.7,293.0,380.6,448.0,0.4884
394,-1,583.4,76.6,463.9,551.3,0.3218
394,-1,776.5,220.8,199.9,250.3,0.1019
394,-1,719.1,170.2,276.9,356.9,0.1001
395,-1,138.8,293.1,381.5,448.2,0.4916
395,-1,584.5,77.3,462.5,549.9,0.3158
395,-1,776.1,221.3,198.6,246.4,0.1084
395,-1,720.1,170.9,274.3,350.6,0.1007
396,-1,139.2,276.4,375.6,451.5,0.5356
396,-1,579.2,56.6,476.4,571.7,0.3561
396,-1,776.3,216.8,207.2,221.7,0.1667
397,-1,139.2,276.2,375.5,451.0,0.5339
397,-1,577.5,56.0,477.8,570.6,0.3463
397,-1,775.8,216.6,207.3,218.7,0.1855
398,-1,138.8,276.1,375.6,450.2,0.5340
398,-1,578.5,54.9,478.1,570.5,0.3437
398,-1,776.9,217.6,207.5,216.1,0.1979
399,-1,71.0,255.2,395.5,471.9,0.5381
399,-1,551.7,89.4,427.1,518.3,0.4261
400,-1,70.9,255.5,395.1,474.0,0.5398
400,-1,551.5,89.5,428.7,519.6,0.4207
401,-1,71.3,255.2,395.2,469.7,0.5377
401,-1,551.7,88.6,428.8,519.3,0.4119
402,-1,61.7,293.6,405.8,477.7,0.5949
402,-1,550.5,127.5,437.3,514.5,0.3176
402,-1,719.2,209.5,237.2,287.6,0.1625
403,-1,62.4,293.7,404.8,478.1,0.5947
403,-1,550.2,133.5,436.7,508.8,0.3486
403,-1,718.8,208.5,240.3,317.1,0.1478
404,-1,61.7,293.6,405.9,479.5,0.5955
404,-1,550.3,130.3,437.1,510.6,0.3292
404,-1,718.5,206.9,239.9,293.7,0.1654
405,-1,106.4,359.9,394.1,479.8,0.5615
405,-1,608.2,210.4,427.9,490.1,0.2561
405,-1,763.4,272.8,236.6,268.0,0.1637
406,-1,106.2,359.8,394.1,481.7,0.5600
406,-1,608.6,210.1,427.5,491.6,0.2593
406,-1,763.1,272.8,236.9,267.9,0.1583
407,-1,106.1,360.0,394.3,481.7,0.5624
407,-1,608.6,210.7,427.9,490.9,0.2615
407,-1,763.2,271.0,237.8,270.3,0.1577
408,-1,117.1,378.7,404.6,472.6,0.5566
408,-1,615.1,202.7,495.7,528.5,0.3539
408,-1,787.8,278.9,249.6,268.3,0.1437
409,-1,117.6,378.2,403.5,472.0,0.5559
409,-1,615.9,201.5,493.3,530.0,0.3449
409,-1,773.3,256.4,284.8,339.8,0.1353
410,-1,116.8,378.1,404.7,472.5,0.5541
410,-1,615.8,203.9,493.1,527.0,0.3659
410,-1,773.0,253.1,285.3,350.0,0.1382
411,-1,102.5,344.1,412.5,473.5,0.5432
411,-1,617.2,160.2,480.2,540.4,0.3801
411,-1,789.0,233.9,250.4,289.8,0.1214
411,-1,733.8,194.4,329.3,396.9,0.1046
412,-1,102.8,344.5,411.9,472.2,0.5435
412,-1,617.0,160.5,481.3,537.7,0.3784
412,-1,788.6,231.6,251.6,287.9,0.1673
412,-1,734.9,194.4,328.5,392.6,0.1027
413,-1,102.9,344.7,412.1,473.0,0.5446
413,-1,617.0,162.0,480.2,533.8,0.3825
413,-1,788.3,230.0,252.5,287.8,0.1671
413,-1,733.0,193.6,330.4,392.0,0.1071
414,-1,74.7,303.4,414.2,479.4,0.5081
414,-1,618.1,142.9,486.2,529.0,0.3463
414,-1,778.7,197.3,262.5,341.1,0.1307
415,-1,75.2,303.7,412.7,479.5,0.5077
415,-1,615.8,142.0,487.1,531.5,0.3683
416,-1,74.6,303.2,413.4,477.6,0.5069
416,-1,616.0,142.6,488.5,531.2,0.3602
416,-1,778.3,197.2,264.3,349.8,0.1045
417,-1,74.9,306.5,413.9,483.7,0.5257
417,-1,607.5,143.3,511.4,550.0,0.5046
417,-1,551.1,20.8,630.9,847.2,0.1058
418,-1,75.1,307.2,413.7,483.0,0.5251
418,-1,607.1,145.0,511.3,549.6,0.5154
418,-1,551.1,24.4,630.9,836.9,0.1071
419,-1,75.4,308.8,413.8,482.2,0.5274
419,-1,606.6,144.9,511.5,547.2,0.5153
419,-1,550.4,24.3,631.6,840.0,0.1078
420,-1,71.8,296.4,423.7,502.9,0.5145
420,-1,617.9,84.8,512.9,592.1,0.3787
420,-1,572.1,44.0,607.0,853.0,0.2094
420,-1,798.3,178.7,267.4,327.2,0.1464
421,-1,72.1,296.3,423.1,504.9,0.5145
421,-1,618.1,80.2,515.7,598.5,0.3496
421,-1,571.3,43.0,607.4,858.1,0.1964
421,-1,793.3,177.9,272.8,334.0,0.1375
422,-1,72.4,296.7,423.7,504.2,0.5202
422,-1,617.3,81.6,514.4,596.5,0.3796
422,-1,572.4,44.5,606.2,858.8,0.2036
422,-1,792.9,176.7,274.3,338.8,0.1330
423,-1,92.7,285.7,427.7,483.5,0.5183
423,-1,656.7,74.5,461.5,555.4,0.4254
423,-1,581.5,0.0,599.7,888.2,0.2993
423,-1,821.0,179.9,262.3,274.2,0.2106
423,-1,111.9,291.0,292.9,417.5,0.1578
424,-1,72.0,274.4,433.9,501.0,0.5189
424,-1,657.8,75.4,461.2,555.1,0.4288
424,-1,581.6,0.0,599.5,891.3,0.2908
424,-1,811.3,154.9,281.7,297.2,0.2009
424,-1,111.5,290.5,292.5,418.5,0.1550
425,-1,92.5,285.8,427.9,483.7,0.5211
425,-1,658.3,77.0,458.8,553.2,0.4271
425,-1,581.2,0.0,599.8,892.6,0.2884
425,-1,811.2,154.5,280.9,297.8,0.2014
425,-1,111.5,290.6,293.2,417.7,0.1606
426,-1,70.9,262.9,434.4,505.5,0.5351
426,-1,609.7,10.8,567.6,691.6,0.4340
426,-1,826.6,191.1,319.0,263.1,0.1104
427,-1,70.4,263.0,435.9,505.2,0.5421
427,-1,609.9,10.6,567.8,691.0,0.4391
427,-1,826.1,197.2,313.5,255.7,0.1051
428,-1,71.2,263.2,433.8,502.8,0.5392
428,-1,609.8,10.5,567.6,691.3,0.4514
428,-1,826.1,191.3,315.7,264.4,0.1128
429,-1,57.9,272.5,445.4,512.7,0.5375
429,-1,610.0,13.2,566.4,689.9,0.4182
429,-1,814.5,210.7,299.3,261.8,0.1937
430,-1,57.5,272.4,445.6,512.9,0.5378
430,-1,610.4,14.6,565.5,684.0,0.4153
430,-1,814.1,212.5,296.2,260.3,0.2004
431,-1,57.8,272.7,445.5,511.9,0.5392
431,-1,610.2,15.2,565.1,679.1,0.4197
431,-1,568.6,0.0,613.4,979.4,0.2285
431,-1,814.8,211.4,293.6,259.7,0.2131
432,-1,47.4,289.0,450.6,519.7,0.5722
432,-1,661.6,77.2,506.7,593.0,0.3661
432,-1,575.2,0.0,606.8,961.5,0.2719
432,-1,818.7,211.9,301.0,282.0,0.1809
432,-1,80.5,310.8,308.5,430.2,0.1639
433,-1,47.6,289.1,449.1,516.5,0.5701
433,-1,660.8,76.9,508.4,595.1,0.3733
433,-1,574.8,0.0,607.2,962.0,0.2589
433,-1,820.7,214.3,301.1,279.1,0.1673
433,-1,79.0,309.9,312.6,428.4,0.1638
434,-1,47.4,289.1,450.1,518.6,0.5723
434,-1,661.4,77.5,507.1,592.1,0.3721
434,-1,574.9,0.0,607.1,964.5,0.2662
434,-1,79.1,311.0,313.7,428.1,0.1686
434,-1,819.9,213.6,300.9,281.3,0.1674
435,-1,18.9,289.5,483.8,555.2,0.5660
435,-1,654.0,92.4,508.9,595.1,0.3962
435,-1,829.1,217.8,285.4,284.2,0.2846
435,-1,587.5,32.4,594.5,927.2,0.2419
435,-1,66.9,343.4,241.8,422.0,0.1410
436,-1,18.8,289.2,483.9,557.0,0.5644
436,-1,654.0,92.1,508.7,595.6,0.3972
436,-1,828.4,213.6,287.1,288.6,0.2867
436,-1,587.1,31.5,594.9,929.6,0.2410
436,-1,67.5,343.7,233.5,420.6,0.1427
437,-1,18.3,289.4,484.6,557.2,0.5656
437,-1,654.1,91.7,507.3,591.9,0.3968
437,-1,828.6,207.3,286.5,294.5,0.2758
437,-1,586.8,27.9,595.2,934.1,0.2371
437,-1,67.9,344.5,230.5,419.5,0.1483
438,-1,17.3,340.3,485.6,508.7,0.5991
438,-1,657.0,109.5,512.0,609.9,0.3924
438,-1,839.2,236.5,277.9,298.0,0.3808
438,-1,588.5,9.4,593.5,945.0,0.2204
438,-1,37.8,365.7,250.0,419.7,0.1640
439,-1,17.1,339.9,487.9,508.3,0.5975
439,-1,658.1,109.3,510.2,610.2,0.3907
439,-1,837.5,230.6,280.9,305.6,0.3672
439,-1,587.9,6.6,594.1,946.7,0.2157
439,-1,37.4,365.5,253.2,419.0,0.1618
440,-1,17.7,340.1,485.9,508.5,0.5974
440,-1,656.6,109.5,512.2,610.6,0.3980
440,-1,838.8,231.0,281.6,304.4,0.3475
440,-1,587.4,7.4,594.6,949.3,0.2052
440,-1,37.8,365.3,254.4,418.5,0.1699
441,-1,13.9,356.4,501.4,519.8,0.6214
441,-1,664.2,164.5,499.0,584.6,0.4560
441,-1,846.3,262.4,267.7,310.0,0.3136
441,-1,589.5,59.9,592.5,941.7,0.2279
441,-1,14.7,418.9,279.3,401.7,0.2202
442,-1,13.4,356.6,502.1,518.6,0.6255
442,-1,664.5,164.6,498.5,583.6,0.4544
442,-1,845.7,260.8,268.8,310.2,0.3314
442,-1,589.7,60.9,592.3,935.1,0.2315
442,-1,13.9,419.0,279.4,401.9,0.2155
443,-1,12.9,356.2,502.0,517.9,0.6264
443,-1,663.3,164.7,499.6,583.9,0.4578
443,-1,845.5,262.6,268.0,306.7,0.3449
443,-1,13.2,418.9,280.7,402.7,0.2350
443,-1,589.7,62.0,592.3,936.0,0.2336
444,-1,5.7,351.7,513.0,533.6,0.6219
444,-1,664.0,156.6,498.9,580.8,0.4266
444,-1,854.9,298.3,252.6,268.1,0.3342
444,-1,0.0,419.0,293.5,415.1,0.2159
444,-1,591.2,41.2,590.8,960.9,0.1998
445,-1,5.7,350.9,513.1,533.7,0.6223
445,-1,663.5,157.0,499.5,579.3,0.4251
445,-1,851.7,298.6,260.2,267.6,0.3496
445,-1,0.0,418.6,293.7,415.4,0.2089
445,-1,590.5,39.7,591.5,960.8,0.2048
446,-1,5.7,351.9,513.5,532.4,0.6250
446,-1,663.3,156.7,500.0,580.2,0.4281
446,-1,855.2,299.9,251.4,267.7,0.3376
446,-1,0.0,418.4,295.6,416.0,0.2121
446,-1,590.0,38.1,592.0,966.6,0.2008
447,-1,0.0,300.2,514.4,556.3,0.6426
447,-1,860.3,258.7,260.1,245.8,0.4998
447,-1,610.6,9.0,568.9,729.7,0.4070
447,-1,0.0,367.2,253.9,398.1,0.2804
448,-1,0.0,300.5,514.4,556.2,0.6431
448,-1,860.3,261.4,257.8,242.4,0.5240
448,-1,610.5,9.2,568.9,730.3,0.4041
448,-1,0.0,367.4,253.7,398.0,0.2864
449,-1,0.0,300.6,514.7,555.7,0.6429
449,-1,860.6,262.5,257.7,240.7,0.5256
449,-1,610.2,9.0,569.3,731.1,0.4054
449,-1,0.0,367.2,254.5,398.5,0.2833
450,-1,0.0,225.6,512.3,582.7,0.6390
450,-1,871.1,206.1,249.5,234.4,0.3963
450,-1,607.8,0.0,573.3,672.9,0.3333
450,-1,0.2,286.6,239.5,424.0,0.2848
450,-1,573.4,0.0,608.6,993.1,0.1169
451,-1,0.0,225.9,512.4,583.2,0.6413
451,-1,870.7,206.0,249.5,234.7,0.3930
451,-1,607.9,0.0,573.2,673.0,0.3285
451,-1,0.2,286.8,238.5,423.7,0.2747
451,-1,573.5,0.0,608.5,991.4,0.1171
452,-1,0.0,225.7,512.6,583.8,0.6361
452,-1,871.3,209.9,247.5,230.9,0.3715
452,-1,608.0,0.0,573.1,673.5,0.3297
452,-1,0.3,287.7,236.2,421.7,0.2786
452,-1,573.4,0.0,608.6,990.4,0.1173
453,-1,0.0,139.7,523.7,608.6,0.6108
453,-1,643.0,3.0,533.8,593.2,0.2731
453,-1,1.0,221.4,262.5,407.3,0.2534
454,-1,0.0,139.5,523.7,607.0,0.6005
454,-1,643.1,3.1,533.8,591.1,0.2750
454,-1,0.9,220.7,267.6,411.6,0.2342
455,-1,0.0,138.1,524.4,611.5,0.6025
455,-1,643.8,2.8,533.0,589.0,0.2746
455,-1,0.9,222.0,261.9,405.6,0.2637
456,-1,0.0,142.7,528.9,621.9,0.5705
456,-1,0.4,223.6,259.1,410.0,0.2812
456,-1,644.3,0.2,534.8,607.4,0.2753
456,-1,0.0,143.5,348.2,531.9,0.2102
456,-1,879.6,120.6,256.0,317.7,0.1239
457,-1,0.0,144.4,528.7,619.5,0.5733
457,-1,644.1,0.1,535.0,607.5,0.2830
457,-1,0.4,222.4,260.1,412.2,0.2622
457,-1,0.0,144.4,349.9,530.2,0.2111
457,-1,879.6,120.5,256.8,317.0,0.1201
458,-1,0.0,138.2,527.7,625.0,0.5589
458,-1,643.8,0.0,535.4,611.8,0.2888
458,-1,0.4,222.0,260.5,415.2,0.2477
458,-1,0.0,139.6,348.8,536.5,0.2077
458,-1,879.5,122.2,255.2,319.1,0.1134
459,-1,0.0,212.9,512.9,619.1,0.5382
459,-1,651.3,7.9,525.8,640.4,0.3147
459,-1,892.2,210.2,233.5,245.4,0.2930
459,-1,0.0,317.8,221.8,417.0,0.1819
459,-1,581.7,0.0,600.3,981.7,0.1225
459,-1,0.0,420.7,147.7,243.9,0.1121
460,-1,0.0,213.3,513.1,616.5,0.5384
460,-1,651.7,8.5,525.3,640.3,0.3182
460,-1,892.3,207.0,235.8,246.6,0.3030
460,-1,0.0,317.2,225.6,416.1,0.1856
460,-1,582.4,0.0,599.6,983.0,0.1264
461,-1,0.0,214.4,513.1,616.6,0.5420
461,-1,652.0,8.7,524.9,638.9,0.3078
461,-1,892.3,208.8,235.1,246.8,0.3062
461,-1,0.0,317.1,224.6,421.4,0.1867
461,-1,582.4,0.0,599.6,981.7,0.1166
462,-1,0.0,258.7,512.6,606.8,0.4852
462,-1,662.9,30.0,513.0,678.0,0.3571
462,-1,893.2,240.2,249.1,258.8,0.3273
462,-1,1.1,435.0,139.7,264.2,0.2374
462,-1,591.0,0.0,591.0,970.3,0.1811
462,-1,0.3,381.5,183.0,381.9,0.1555
463,-1,0.0,260.6,512.1,604.6,0.4883
463,-1,663.5,30.7,512.2,676.0,0.3609
463,-1,893.8,239.9,248.6,258.5,0.2992
463,-1,0.6,433.7,140.8,263.4,0.2327
463,-1,591.5,0.0,590.5,970.1,0.1811
463,-1,0.2,380.6,185.1,385.2,0.1560
463,-1,771.1,91.1,406.9,484.3,0.1140
464,-1,0.0,262.1,512.5,603.5,0.4911
464,-1,663.8,31.6,511.9,675.1,0.3615
464,-1,893.0,243.9,247.9,254.5,0.3140
464,-1,0.7,433.7,140.3,265.2,0.2361
464,-1,592.1,0.0,589.9,970.0,0.1752
464,-1,0.2,380.2,184.4,385.6,0.1567
464,-1,770.4,92.4,407.4,484.0,0.1101
465,-1,0.0,243.9,519.9,622.6,0.4679
465,-1,900.4,215.1,250.0,284.0,0.4370
465,-1,663.4,21.9,515.5,691.0,0.3059
465,-1,608.3,0.0,573.7,955.4,0.1731
465,-1,0.0,433.3,144.6,269.3,0.1659
465,-1,0.1,380.7,184.7,390.0,0.1467
465,-1,0.0,250.8,350.1,557.5,0.1288
465,-1,781.9,92.5,398.2,480.5,0.1287
466,-1,0.0,250.8,518.9,616.3,0.4759
466,-1,899.7,211.5,252.0,287.6,0.4566
466,-1,663.9,23.4,514.7,686.7,0.3161
466,-1,0.2,403.2,164.7,328.2,0.1753
466,-1,608.2,0.0,573.8,955.3,0.1644
466,-1,782.5,98.4,397.2,472.7,0.1417
466,-1,0.0,371.7,223.2,448.3,0.1003
467,-1,0.0,248.5,519.5,618.0,0.4719
467,-1,898.5,216.2,252.3,285.8,0.4594
467,-1,663.4,23.2,515.4,685.4,0.3084
467,-1,0.2,404.1,164.2,327.5,0.1773
467,-1,607.6,0.0,574.4,958.9,0.1482
467,-1,782.0,95.4,398.1,478.2,0.1249
467,-1,0.0,372.0,224.7,451.9,0.1031
468,-1,0.0,265.2,514.6,638.2,0.5168
468,-1,662.4,37.3,516.7,731.2,0.3941
468,-1,0.0,0.0,684.2,818.0,0.2790
468,-1,901.8,273.6,246.2,262.4,0.2568
468,-1,782.0,128.1,397.2,490.9,0.2073
468,-1,0.0,408.5,205.9,449.3,0.1040
469,-1,0.0,258.8,515.3,648.0,0.5096
469,-1,663.7,38.3,515.1,724.8,0.3891
469,-1,0.0,0.0,686.8,818.6,0.2845
469,-1,901.7,267.0,246.6,267.9,0.2769
469,-1,782.8,129.4,396.2,484.1,0.2262
469,-1,0.0,408.4,210.4,441.5,0.1192
470,-1,0.0,251.1,516.4,657.0,0.4896
470,-1,663.6,38.6,515.2,725.7,0.3910
470,-1,0.0,0.0,689.1,818.9,0.2842
470,-1,901.8,267.4,247.0,269.8,0.2501
470,-1,783.1,129.8,395.8,482.7,0.2325
470,-1,0.0,408.6,210.6,441.0,0.1252
471,-1,5.3,367.1,464.2,574.0,0.5288
471,-1,875.6,280.5,254.3,338.8,0.4298
471,-1,661.8,76.9,517.4,750.1,0.3569
471,-1,794.6,200.1,376.3,475.3,0.2394
471,-1,0.0,0.4,638.4,904.0,0.2320
471,-1,10.6,400.5,247.4,446.1,0.1410
472,-1,5.8,367.2,463.9,569.9,0.5277
472,-1,874.6,276.6,255.7,343.4,0.4032
472,-1,661.4,75.9,518.0,752.3,0.3584
472,-1,794.0,198.8,377.3,477.2,0.2463
472,-1,0.0,0.1,642.9,904.4,0.2391
472,-1,10.7,400.2,246.3,446.1,0.1372
473,-1,5.3,367.0,464.4,569.3,0.5262
473,-1,873.1,270.2,259.7,353.8,0.4139
473,-1,661.4,76.6,517.6,745.3,0.3630
473,-1,795.8,200.5,375.2,474.6,0.2589
473,-1,0.0,0.3,641.2,904.3,0.2414
473,-1,11.2,400.7,245.3,446.5,0.1389
474,-1,8.0,388.4,453.8,610.3,0.5353
474,-1,639.9,129.0,542.1,738.3,0.3813
474,-1,877.0,296.5,274.9,357.6,0.3647
474,-1,801.6,230.8,376.0,488.1,0.2325
474,-1,0.0,0.0,627.1,972.9,0.1545
474,-1,3.2,402.5,258.7,522.3,0.1016
475,-1,7.6,387.1,455.2,612.9,0.5390
475,-1,640.5,130.1,541.5,737.4,0.3831
475,-1,876.4,295.2,276.1,362.1,0.3543
475,-1,799.6,229.7,378.3,493.5,0.2444
475,-1,0.0,0.0,624.9,972.4,0.1545
476,-1,7.8,383.5,456.0,616.5,0.5317
476,-1,640.0,127.3,542.0,742.0,0.3790
476,-1,877.9,299.1,272.3,356.8,0.3419
476,-1,799.2,229.8,378.5,493.7,0.2367
476,-1,0.0,0.0,628.0,972.9,0.1577
477,-1,3.4,283.3,502.8,724.5,0.4450
477,-1,899.6,292.4,262.7,350.1,0.3803
477,-1,662.9,66.6,519.1,786.0,0.3325
477,-1,796.1,170.9,385.9,539.5,0.2873
477,-1,0.0,0.0,608.4,974.0,0.2117
478,-1,3.7,283.8,502.6,723.5,0.4447
478,-1,900.7,292.7,262.0,350.7,0.4061
478,-1,662.0,64.5,520.0,794.1,0.3414
478,-1,795.4,168.8,386.6,545.0,0.2728
478,-1,0.0,0.0,610.1,972.6,0.2063
479,-1,3.6,284.2,503.0,723.3,0.4664
479,-1,899.8,292.8,262.7,352.0,0.3786
479,-1,660.7,64.6,521.3,795.1,0.3417
479,-1,796.1,170.1,385.9,545.5,0.2760
479,-1,0.0,0.0,609.3,977.3,0.2099
480,-1,0.0,218.3,567.3,785.7,0.3417
480,-1,0.0,0.0,713.9,887.9,0.3252
480,-1,666.2,41.2,515.8,850.0,0.2928
480,-1,805.0,140.2,377.0,559.3,0.2582
480,-1,12.5,534.7,139.6,242.1,0.2485
480,-1,1.9,488.3,195.6,316.1,0.2392
480,-1,965.5,253.6,215.4,327.3,0.2353
481,-1,0.0,208.7,566.9,796.2,0.3264
481,-1,0.0,0.0,715.8,889.0,0.3169
481,-1,665.9,39.9,516.1,853.4,0.2953
481,-1,12.4,534.6,139.7,242.0,0.2633
481,-1,805.8,139.3,376.2,564.4,0.2556
481,-1,1.9,491.0,194.7,312.5,0.2434
481,-1,966.0,258.8,214.9,318.7,0.2278
481,-1,901.2,225.3,280.8,418.9,0.1044
482,-1,0.0,207.7,566.7,796.5,0.3281
482,-1,0.0,0.0,717.1,889.5,0.3114
482,-1,665.4,38.6,516.6,855.6,0.2916
482,-1,805.8,139.9,376.2,566.3,0.2559
482,-1,3.5,510.1,180.3,280.6,0.2461
482,-1,966.0,262.2,214.8,316.9,0.2081
482,-1,901.0,225.5,281.0,418.5,0.1015
483,-1,688.4,7.3,493.6,768.8,0.4553
483,-1,0.0,268.6,664.0,624.4,0.4506
483,-1,0.0,269.9,385.2,570.5,0.2536
483,-1,33.7,465.1,226.6,312.7,0.1348
484,-1,0.0,269.9,665.2,622.9,0.4625
484,-1,688.0,7.1,494.0,770.8,0.4518
484,-1,0.0,270.5,386.2,569.9,0.2649
484,-1,33.5,464.9,226.6,310.9,0.1397
485,-1,688.2,7.2,493.8,768.5,0.4579
485,-1,0.0,269.2,663.0,622.0,0.4526
485,-1,0.0,270.1,384.2,569.6,0.2574
485,-1,33.0,464.3,227.4,313.3,0.1338
486,-1,734.6,4.0,447.4,670.9,0.5312
486,-1,18.9,245.1,492.4,618.1,0.3032
486,-1,24.9,234.5,718.4,692.6,0.2846
486,-1,70.9,394.0,288.3,388.3,0.1409
486,-1,105.1,454.2,205.4,264.9,0.1201
487,-1,733.7,3.7,448.3,675.0,0.5263
487,-1,18.9,245.4,480.4,616.3,0.3006
487,-1,24.9,233.6,718.8,694.7,0.2801
487,-1,70.5,393.6,289.2,387.2,0.1419
487,-1,105.3,453.9,205.2,264.9,0.1237
488,-1,754.9,15.8,427.1,682.4,0.5261
488,-1,18.7,244.4,489.7,618.4,0.2828
488,-1,24.6,232.0,719.5,694.7,0.2684
488,-1,70.2,392.9,291.1,390.8,0.1465
488,-1,104.8,453.3,205.9,266.4,0.1215
489,-1,748.5,4.4,433.5,680.9,0.5289
489,-1,20.9,248.8,420.7,621.6,0.2764
489,-1,74.1,399.5,321.8,397.3,0.2464
489,-1,30.2,229.3,725.0,698.5,0.1902
489,-1,102.7,446.7,234.2,307.4,0.1473
490,-1,747.8,4.2,434.2,683.0,0.5227
490,-1,20.3,248.7,425.7,622.6,0.2758
490,-1,73.7,399.1,322.3,398.9,0.2453
490,-1,29.7,230.5,727.3,696.4,0.1898
490,-1,101.7,445.0,235.4,310.0,0.1521
491,-1,747.2,4.1,434.8,684.4,0.5258
491,-1,20.2,247.6,429.0,624.8,0.2507
491,-1,73.7,398.7,323.2,403.9,0.2116
491,-1,28.9,225.4,732.3,702.3,0.1653
491,-1,101.4,444.4,236.0,309.2,0.1565
492,-1,761.9,6.0,420.1,664.6,0.5261
492,-1,75.5,390.7,303.2,364.9,0.2206
492,-1,27.6,235.9,395.3,576.9,0.2175
492,-1,105.0,449.4,220.7,258.5,0.2049
492,-1,29.2,200.5,706.1,717.1,0.2039
493,-1,761.8,5.8,420.2,667.5,0.5250
493,-1,75.8,389.5,303.4,366.8,0.2495
493,-1,27.7,237.0,393.7,571.8,0.2214
493,-1,29.7,203.8,698.9,708.8,0.2105
493,-1,105.4,448.7,220.9,260.9,0.1986
494,-1,761.6,5.5,420.4,669.0,0.5246
494,-1,105.8,449.5,220.3,256.5,0.2188
494,-1,77.1,391.7,301.9,363.0,0.2169
494,-1,27.9,236.7,393.3,568.3,0.2139
494,-1,29.6,202.6,698.1,708.6,0.1999
495,-1,778.3,10.9,403.7,647.2,0.4983
495,-1,112.8,415.6,230.3,251.5,0.2579
495,-1,19.7,132.9,584.3,698.9,0.1359
495,-1,88.8,360.0,315.9,343.4,0.1210
496,-1,778.0,10.8,404.0,647.1,0.4994
496,-1,118.9,421.0,220.2,242.0,0.2724
496,-1,19.9,140.0,578.6,689.9,0.1443
496,-1,88.9,359.3,317.3,346.4,0.1137
497,-1,778.3,11.0,403.7,646.7,0.4989
497,-1,118.1,421.8,219.8,237.6,0.2794
497,-1,19.7,141.6,578.9,687.3,0.1345
497,-1,88.6,359.9,315.7,343.4,0.1035
498,-1,847.9,19.3,334.1,636.9,0.3631
498,-1,152.0,418.7,206.9,226.2,0.3020
498,-1,114.9,354.3,329.1,357.2,0.1518
499,-1,847.8,18.8,334.2,639.6,0.3618
499,-1,151.2,419.2,206.7,223.1,0.3267
499,-1,114.4,354.8,328.7,352.8,0.1410
500,-1,848.2,18.5,333.8,641.3,0.3570
500,-1,151.4,419.1,208.0,223.2,0.3240
500,-1,114.4,354.0,329.2,353.5,0.1456
501,-1,190.7,424.6,204.9,221.8,0.3176
501,-1,163.6,366.8,319.9,348.0,0.1318
502,-1,190.8,424.9,202.9,221.6,0.3099
502,-1,163.8,367.4,318.2,346.0,0.1361
503,-1,190.5,424.8,203.8,221.0,0.3185
503,-1,164.1,367.8,317.8,341.5,0.1283
504,-1,206.2,394.0,224.6,243.9,0.2819
504,-1,182.4,341.0,307.3,324.9,0.1926
505,-1,211.5,400.6,206.7,226.4,0.2849
505,-1,182.7,341.2,307.7,325.8,0.1812
506,-1,212.2,400.7,207.0,227.0,0.2971
506,-1,182.8,342.0,307.7,328.7,0.1629
507,-1,207.1,344.5,225.8,237.6,0.3454
507,-1,170.3,287.6,342.6,358.0,0.2046
507,-1,96.2,105.8,460.4,612.6,0.1055
508,-1,207.7,344.5,224.7,236.9,0.3370
508,-1,170.8,288.0,341.0,356.2,0.1669
508,-1,97.4,105.5,457.0,610.9,0.1069
509,-1,207.4,344.8,224.2,235.9,0.3404
509,-1,170.6,287.9,342.3,355.9,0.1685
509,-1,97.0,106.4,458.7,608.7,0.1045
510,-1,233.0,311.7,197.8,217.2,0.3335
511,-1,233.2,311.7,198.4,217.3,0.3356
512,-1,233.2,311.6,201.1,218.5,0.3446
513,-1,274.6,280.7,197.1,221.7,0.2252
513,-1,244.2,221.4,306.4,327.1,0.1050
513,-1,181.8,29.9,437.9,602.3,0.1001
514,-1,275.2,281.1,197.2,221.3,0.2329
514,-1,181.7,29.5,437.2,602.7,0.1037
515,-1,275.0,280.7,197.7,221.2,0.2348
516,-1,282.1,253.9,226.2,242.0,0.3737
516,-1,238.8,197.8,341.6,352.4,0.1644
517,-1,278.2,240.9,243.1,267.5,0.3680
517,-1,239.5,198.2,340.5,350.7,0.1571
518,-1,282.2,253.8,226.9,242.2,0.3822
518,-1,239.7,198.2,340.6,349.7,0.1238
519,-1,249.1,239.6,223.7,249.3,0.2344
519,-1,216.4,191.5,313.4,324.5,0.1973
520,-1,249.2,238.9,224.8,250.4,0.2344
520,-1,216.6,190.0,313.3,326.1,0.2073
521,-1,249.2,239.0,225.3,249.4,0.2292
521,-1,216.0,190.6,314.3,326.5,0.2014
522,-1,222.8,228.2,271.1,270.3,0.4422
522,-1,240.8,234.9,175.5,231.9,0.1046
523,-1,222.6,229.0,271.1,269.1,0.4879
523,-1,241.2,235.2,172.8,231.0,0.1088
524,-1,222.5,228.8,271.3,268.7,0.4968
525,-1,237.3,248.9,233.1,246.3,0.3248
525,-1,201.6,201.5,337.6,343.8,0.1721
526,-1,237.4,248.8,231.6,245.6,0.3116
526,-1,200.9,201.7,339.3,343.9,0.1495
527,-1,238.5,248.5,231.4,245.6,0.3281
527,-1,201.3,201.2,339.1,345.1,0.1500
528,-1,256.3,258.9,208.5,236.2,0.2732
528,-1,210.1,205.4,333.0,336.7,0.1889
529,-1,256.1,259.1,208.9,235.9,0.2710
529,-1,210.2,205.8,332.7,336.4,0.1928
530,-1,256.2,259.1,208.8,236.2,0.2668
530,-1,210.6,205.7,331.6,336.7,0.1997
531,-1,253.3,244.3,241.6,259.4,0.3859
531,-1,216.2,207.7,330.2,330.6,0.1368
532,-1,253.3,243.7,240.9,259.2,0.3883
532,-1,216.3,206.9,330.1,331.2,0.1270
533,-1,253.1,242.8,243.6,260.2,0.4102
533,-1,216.0,206.5,331.0,331.2,0.1315
534,-1,248.9,246.2,221.0,245.1,0.3499
535,-1,248.9,246.9,220.5,244.7,0.3518
536,-1,249.4,246.7,219.5,244.8,0.3360
536,-1,206.9,205.1,337.2,334.7,0.1052
537,-1,234.5,233.9,151.3,233.2,0.3141
537,-1,225.3,230.3,242.7,260.9,0.1654
538,-1,233.6,233.8,152.9,232.9,0.3207
538,-1,225.1,230.5,239.5,261.4,0.1589
539,-1,235.1,233.0,150.4,234.8,0.3123
539,-1,225.7,230.2,238.3,260.6,0.1641
540,-1,234.6,225.7,205.9,240.5,0.3175
540,-1,181.1,175.7,336.8,345.0,0.1336
541,-1,234.9,226.1,207.9,239.7,0.3252
541,-1,181.3,175.3,338.4,346.2,0.1262
542,-1,234.9,225.5,209.4,240.6,0.3206
542,-1,181.4,175.6,338.1,345.5,0.1209
543,-1,217.5,193.4,280.1,278.0,0.3542
544,-1,217.6,193.2,279.6,277.7,0.3644
545,-1,219.1,193.5,277.4,276.0,0.3964
546,-1,234.7,213.1,261.8,275.6,0.2737
547,-1,234.3,212.4,261.6,275.4,0.2792
548,-1,234.5,212.4,261.5,275.7,0.2745
548,-1,243.8,301.4,75.1,106.2,0.1039
549,-1,244.9,252.6,176.0,228.3,0.2496
549,-1,237.8,245.1,248.4,275.3,0.1927
550,-1,244.2,252.2,178.2,228.6,0.2310
550,-1,238.3,245.9,248.1,274.2,0.2028
550,-1,202.7,212.3,338.9,334.7,0.1020
551,-1,245.3,252.1,176.0,227.9,0.2572
551,-1,238.4,245.0,245.9,275.4,0.1919
552,-1,236.5,285.1,206.4,238.4,0.2428
552,-1,206.2,258.1,311.9,292.5,0.1788
552,-1,227.4,363.6,95.1,125.5,0.1470
553,-1,243.9,279.5,172.8,226.6,0.2416
553,-1,221.7,269.4,268.5,275.7,0.2257
553,-1,227.4,363.7,94.9,125.6,0.1522
554,-1,244.0,279.0,171.9,227.3,0.2426
554,-1,222.2,269.8,268.4,276.0,0.2187
554,-1,231.4,363.2,91.1,119.7,0.1500
555,-1,233.0,292.2,166.1,231.4,0.2259
555,-1,207.8,275.6,298.2,289.4,0.2199
556,-1,233.4,293.0,163.1,230.2,0.2709
556,-1,207.0,275.4,300.1,291.3,0.1904
557,-1,233.5,291.6,164.2,231.8,0.2476
557,-1,207.3,275.3,301.0,291.0,0.2101
558,-1,210.9,321.7,178.9,232.6,0.2684
558,-1,183.3,294.3,314.6,301.8,0.1272
559,-1,218.7,317.3,160.5,234.1,0.2633
559,-1,196.8,302.3,266.9,282.4,0.1224
560,-1,218.9,317.7,159.0,233.4,0.2888
560,-1,196.4,301.8,268.7,282.5,0.1179
561,-1,175.9,354.9,184.1,229.8,0.2211
561,-1,148.2,328.7,320.3,291.1,0.1102
561,-1,108.4,294.6,403.0,386.7,0.1075
562,-1,176.8,354.6,183.9,230.1,0.2116
562,-1,149.6,328.7,319.2,290.9,0.1116
562,-1,108.5,294.7,402.8,386.3,0.1028
563,-1,184.0,354.7,181.9,228.0,0.2177
563,-1,168.4,335.2,251.4,275.2,0.1330
563,-1,109.2,295.0,402.1,385.9,0.1066
564,-1,181.4,382.8,187.9,237.6,0.2007
564,-1,138.8,332.0,360.0,336.3,0.1490
565,-1,182.0,382.4,187.3,237.4,0.2141
565,-1,138.8,331.8,360.4,337.3,0.1654
566,-1,181.9,382.5,187.5,237.0,0.2164
566,-1,138.7,332.2,360.1,336.4,0.1679
567,-1,186.6,405.0,175.7,239.1,0.2486
568,-1,186.7,406.0,175.7,237.6,0.2440
569,-1,186.4,404.6,176.6,240.2,0.2435
570,-1,182.7,426.2,191.5,247.0,0.1512
570,-1,151.7,392.8,310.8,310.8,0.1264
571,-1,151.2,391.8,312.3,311.5,0.1442
571,-1,182.7,426.1,190.8,247.3,0.1433
572,-1,151.2,391.9,312.3,311.2,0.1513
572,-1,183.0,426.7,189.8,246.5,0.1494
573,-1,145.2,393.1,355.1,330.2,0.1450
573,-1,174.9,449.1,193.1,245.0,0.1394
574,-1,144.3,393.6,356.3,331.4,0.1565
574,-1,160.5,434.2,251.0,278.7,0.1336
574,-1,185.7,455.4,179.4,228.5,0.1135
575,-1,174.2,449.5,193.2,244.3,0.1381
575,-1,143.5,393.5,357.3,332.6,0.1371
576,-1,179.1,459.7,187.9,241.5,0.2020
576,-1,151.0,431.1,283.5,303.1,0.1487
577,-1,178.9,459.0,188.2,242.1,0.2043
577,-1,150.5,429.9,284.0,305.4,0.1413
578,-1,179.2,460.0,186.8,240.8,0.1993
578,-1,150.7,431.7,281.8,303.2,0.1393
579,-1,138.2,475.9,204.9,249.5,0.2012
579,-1,65.5,417.2,421.7,404.7,0.1631
580,-1,138.4,475.6,204.8,251.2,0.1952
580,-1,65.1,417.3,422.0,406.0,0.1638
581,-1,137.9,476.0,204.9,251.2,0.1964
581,-1,65.3,417.4,421.8,404.7,0.1692
582,-1,123.0,459.5,281.2,308.2,0.2178
582,-1,148.7,490.3,194.1,244.9,0.1445
582,-1,68.6,431.9,413.1,404.1,0.1395
583,-1,123.7,460.1,280.1,306.7,0.2316
583,-1,149.4,490.4,194.0,245.2,0.1489
583,-1,69.2,432.4,412.4,401.7,0.1349
584,-1,123.3,459.6,280.5,307.2,0.2210
584,-1,149.4,490.6,193.5,244.2,0.1531
584,-1,68.7,431.7,412.7,401.7,0.1235
585,-1,140.0,500.4,207.4,250.0,0.1679
585,-1,84.8,440.8,427.9,429.4,0.1465
585,-1,139.6,532.0,146.9,186.0,0.1435
586,-1,140.6,500.9,207.4,252.1,0.1637
586,-1,115.5,450.1,332.1,334.2,0.1456
586,-1,139.2,530.9,148.7,187.1,0.1243
586,-1,52.4,433.3,462.0,469.8,0.1233
587,-1,140.7,500.6,207.4,252.2,0.1571
587,-1,85.2,440.3,427.8,428.5,0.1398
587,-1,139.0,532.7,148.8,184.6,0.1148
588,-1,177.4,556.3,128.0,164.8,0.1866
588,-1,161.7,521.9,189.9,231.6,0.1179
588,-1,141.8,477.4,281.8,325.2,0.1143
588,-1,97.5,450.8,428.0,428.8,0.1091
589,-1,178.3,558.6,124.8,161.7,0.1626
589,-1,141.8,476.7,283.3,325.9,0.1191
589,-1,98.3,451.6,427.1,428.9,0.1183
589,-1,161.7,521.8,189.1,231.9,0.1126
590,-1,178.8,560.5,122.6,159.4,0.1751
590,-1,141.8,476.5,283.1,326.7,0.1178
590,-1,98.0,450.8,427.8,429.7,0.1150
590,-1,161.7,521.7,189.7,232.3,0.1086
591,-1,169.9,541.6,197.7,228.7,0.1904
591,-1,142.8,477.2,332.9,346.1,0.1718
591,-1,95.3,470.0,444.2,444.3,0.1406
591,-1,172.7,558.8,139.9,185.2,0.1314
592,-1,169.8,540.1,199.8,231.4,0.1936
592,-1,143.0,477.0,332.8,346.5,0.1786
592,-1,95.8,469.7,442.8,443.5,0.1342
592,-1,172.4,557.8,139.9,187.4,0.1306
593,-1,170.0,540.9,198.0,229.7,0.1915
593,-1,143.1,477.1,332.2,346.2,0.1676
593,-1,95.7,470.1,443.6,442.8,0.1478
593,-1,172.6,557.7,139.8,188.0,0.1264
594,-1,148.7,502.6,339.0,341.9,0.1680
594,-1,92.9,492.8,484.7,499.2,0.1620
594,-1,186.6,558.5,198.5,240.5,0.1399
595,-1,148.8,502.6,338.5,342.7,0.1752
595,-1,93.3,493.6,484.3,497.2,0.1647
595,-1,186.8,558.7,198.5,240.8,0.1328
596,-1,147.8,502.7,339.8,342.6,0.1688
596,-1,92.7,494.3,485.0,494.5,0.1677
596,-1,186.2,558.6,198.3,238.2,0.1384
597,-1,195.1,577.6,195.0,223.0,0.2542
597,-1,168.5,519.9,324.8,342.2,0.1528
597,-1,106.5,500.8,470.6,475.3,0.1171
598,-1,195.0,577.9,194.4,223.2,0.2535
598,-1,168.4,521.3,322.5,341.0,0.1542
598,-1,107.6,501.4,469.1,471.7,0.1067
599,-1,194.9,577.8,195.4,223.2,0.2531
599,-1,168.2,519.9,324.0,341.6,0.1514
599,-1,107.0,501.1,469.1,473.3,0.1074
600,-1,219.4,578.0,187.2,222.4,0.2577
600,-1,195.2,518.7,319.4,349.8,0.1031
600,-1,142.3,507.9,462.2,483.4,0.1029
601,-1,219.6,577.9,187.9,224.9,0.2658
602,-1,219.5,578.1,186.5,223.2,0.2645
603,-1,254.0,547.2,187.4,221.5,0.3886
603,-1,227.8,495.0,312.5,339.8,0.1226
604,-1,254.7,547.3,188.1,222.0,0.3861
604,-1,228.3,496.0,309.6,338.3,0.1199
605,-1,254.3,547.4,187.2,221.0,0.3856
605,-1,227.9,495.8,311.6,338.6,0.1168
606,-1,282.2,518.5,190.6,224.4,0.3352
607,-1,282.4,518.5,189.5,223.6,0.3328
608,-1,282.1,518.5,189.1,223.9,0.3244
609,-1,294.2,486.8,194.9,226.6,0.3499
609,-1,223.3,413.4,443.4,445.4,0.1222
610,-1,293.8,487.2,194.4,224.4,0.3597
610,-1,221.9,413.6,444.5,444.6,0.1140
611,-1,293.8,487.1,194.4,224.2,0.3653
611,-1,221.5,413.4,445.6,445.3,0.1124
612,-1,311.6,460.8,186.3,225.1,0.3143
613,-1,312.2,460.3,186.7,225.2,0.3199
614,-1,312.8,460.3,185.5,225.6,0.3194
615,-1,320.2,429.2,183.8,212.0,0.3412
615,-1,256.7,352.1,451.4,455.1,0.1356
616,-1,320.2,429.2,184.0,211.8,0.3393
616,-1,256.0,352.5,452.1,453.5,0.1282
617,-1,320.0,429.3,183.3,212.0,0.3382
617,-1,256.3,352.2,452.2,454.8,0.1323
618,-1,325.7,394.6,195.7,223.5,0.3797
619,-1,325.8,394.5,196.4,223.6,0.3691
620,-1,325.7,394.2,197.7,224.3,0.3624
621,-1,341.1,368.9,181.3,211.9,0.3892
621,-1,268.7,292.0,465.9,473.2,0.1182
622,-1,341.3,368.8,181.1,212.5,0.3942
622,-1,268.9,292.1,465.1,471.8,0.1198
623,-1,341.4,369.0,181.1,212.0,0.3866
623,-1,269.0,291.9,465.7,472.7,0.1181
624,-1,351.4,343.4,188.2,214.7,0.4093
624,-1,281.6,276.1,482.2,459.9,0.1197
625,-1,351.1,343.5,188.0,214.3,0.4107
625,-1,281.6,276.0,482.9,459.5,0.1182
626,-1,351.1,343.4,188.0,214.4,0.4088
626,-1,281.4,276.0,484.2,458.6,0.1154
627,-1,354.6,336.3,195.7,220.7,0.4053
627,-1,288.8,263.0,476.2,456.0,0.1257
628,-1,354.4,337.0,194.8,218.8,0.4155
628,-1,288.2,262.9,477.6,457.3,0.1264
629,-1,354.0,336.3,195.7,219.4,0.4091
629,-1,288.7,263.5,475.7,454.6,0.1238
630,-1,364.5,335.9,159.7,197.7,0.4163
630,-1,287.6,240.9,498.2,489.6,0.1276
630,-1,349.3,320.2,219.6,247.1,0.1078
631,-1,364.3,335.6,159.5,198.2,0.4216
631,-1,287.8,241.3,498.0,487.4,0.1326
631,-1,349.3,320.2,219.7,247.4,0.1066
632,-1,364.2,335.2,159.6,198.6,0.4249
632,-1,287.9,241.4,498.0,488.9,0.1294
632,-1,349.3,320.2,219.7,246.6,0.1061
633,-1,357.0,322.4,163.5,210.7,0.3769
633,-1,274.2,227.2,519.2,530.5,0.1665
634,-1,357.0,321.9,163.5,211.2,0.3750
634,-1,274.7,227.2,519.1,524.2,0.1577
635,-1,347.7,316.7,192.9,230.1,0.3757
635,-1,275.1,227.2,518.2,525.6,0.1542
636,-1,350.7,321.6,195.7,230.8,0.3888
636,-1,284.5,233.4,515.9,560.1,0.1539
637,-1,350.7,321.7,196.1,231.5,0.3880
637,-1,283.9,233.1,516.2,560.8,0.1537
638,-1,350.7,322.0,195.9,231.2,0.3873
638,-1,283.6,233.4,516.2,558.9,0.1431
639,-1,364.7,341.3,190.6,232.8,0.4057
640,-1,364.7,341.1,190.9,233.0,0.4140
641,-1,364.6,341.2,190.3,233.3,0.4231
642,-1,358.5,323.1,189.4,228.9,0.4712
642,-1,275.7,201.1,580.3,650.7,0.1005
643,-1,358.0,323.0,190.2,229.1,0.4429
643,-1,275.6,199.6,581.7,654.6,0.1032
644,-1,358.3,323.0,189.9,228.8,0.4532
644,-1,275.6,199.5,581.6,655.5,0.1058
645,-1,339.6,280.0,189.7,241.5,0.5157
645,-1,267.0,147.0,571.8,649.7,0.1590
646,-1,339.5,280.3,189.9,241.6,0.5179
646,-1,268.1,149.0,570.2,643.0,0.1603
647,-1,339.6,280.0,189.7,241.6,0.5181
647,-1,266.9,148.2,571.9,647.5,0.1589
648,-1,321.4,259.5,204.0,245.1,0.4990
648,-1,223.1,108.6,635.3,714.5,0.1087
649,-1,321.4,259.5,203.9,246.1,0.4944
649,-1,222.1,108.4,637.9,707.9,0.1071
650,-1,321.5,259.5,204.0,244.9,0.5022
650,-1,222.2,109.2,637.5,710.3,0.1115
651,-1,330.5,279.3,204.5,243.4,0.5964
651,-1,233.0,139.3,585.7,640.6,0.1090
652,-1,330.7,280.1,203.9,241.4,0.6218
652,-1,232.7,138.4,586.8,642.0,0.1084
653,-1,330.4,279.6,204.3,242.2,0.6223
653,-1,233.2,137.8,587.2,647.8,0.1049
654,-1,356.8,316.6,201.5,241.8,0.5311
655,-1,356.9,316.7,201.4,241.6,0.5251
656,-1,356.8,316.2,201.3,242.2,0.5297
657,-1,393.5,352.5,201.6,239.5,0.5213
658,-1,393.4,352.4,201.6,239.7,0.5252
659,-1,393.4,352.5,201.7,239.6,0.5207
660,-1,401.8,364.0,201.7,241.6,0.5875
661,-1,401.6,363.6,202.0,242.4,0.5893
662,-1,401.6,364.5,201.8,241.4,0.5897
663,-1,376.1,343.2,212.3,253.5,0.5960
664,-1,375.7,343.1,213.0,253.9,0.5986
665,-1,375.9,343.0,212.7,254.1,0.6022
666,-1,347.7,317.2,216.4,255.3,0.6524
667,-1,347.3,317.1,216.8,255.9,0.6589
668,-1,347.3,317.2,217.0,256.4,0.6506
669,-1,319.5,292.1,225.9,274.3,0.6223
670,-1,320.6,292.9,223.9,272.0,0.6225
671,-1,319.6,291.6,225.6,275.2,0.6168
672,-1,325.2,286.3,218.7,271.8,0.5673
672,-1,206.1,61.9,723.4,729.6,0.1037
673,-1,324.9,286.0,218.9,272.2,0.5672
673,-1,206.1,61.7,723.2,731.4,0.1008
674,-1,325.5,286.8,218.3,271.8,0.5679
674,-1,205.9,61.7,723.8,736.1,0.1006
675,-1,331.7,288.6,236.8,281.6,0.5906
676,-1,332.0,289.4,236.3,281.0,0.5971
677,-1,332.0,288.7,236.0,281.5,0.5816
678,-1,327.3,296.2,247.6,296.6,0.6884
679,-1,327.0,296.1,248.7,297.5,0.6796
680,-1,327.1,296.2,247.8,298.6,0.6775
681,-1,311.1,316.2,253.2,289.3,0.7267
682,-1,311.3,316.4,252.8,289.7,0.7281
683,-1,311.2,316.5,253.3,289.0,0.7275
684,-1,304.5,330.7,254.5,294.7,0.7069
685,-1,304.7,330.8,253.6,294.5,0.7059
686,-1,304.6,330.7,254.3,295.0,0.7035
687,-1,295.7,337.8,268.8,307.4,0.7493
687,-1,211.1,185.2,641.1,832.5,0.1136
688,-1,295.6,338.1,269.4,307.0,0.7495
688,-1,211.0,186.1,641.2,832.8,0.1100
689,-1,295.8,337.5,268.5,307.7,0.7530
689,-1,210.6,183.1,642.3,831.9,0.1071
690,-1,281.8,337.9,278.6,309.4,0.7871
690,-1,183.8,120.2,802.0,937.8,0.1199
691,-1,281.9,338.2,278.4,309.2,0.7871
691,-1,184.1,120.1,802.7,937.9,0.1240
692,-1,282.0,338.7,278.4,308.8,0.7874
692,-1,183.7,120.0,803.6,938.0,0.1216
693,-1,256.0,327.7,284.6,309.6,0.7884
693,-1,150.9,214.7,726.9,799.0,0.1352
694,-1,256.0,328.5,284.7,309.0,0.7908
694,-1,150.9,216.8,726.1,796.9,0.1367
695,-1,255.9,328.3,284.8,309.3,0.7888
695,-1,151.1,215.4,726.3,801.3,0.1341
696,-1,241.6,324.7,296.0,312.5,0.7695
696,-1,145.0,203.8,721.5,842.4,0.1428
697,-1,241.5,324.7,295.7,312.7,0.7679
697,-1,145.6,202.9,722.0,843.1,0.1400
698,-1,241.6,325.0,295.8,312.4,0.7691
698,-1,145.7,204.1,720.4,841.5,0.1372
699,-1,227.0,330.7,307.1,317.4,0.7307
700,-1,229.0,330.4,304.2,317.0,0.7510
701,-1,228.9,330.5,304.6,317.0,0.7493
702,-1,227.8,337.7,317.0,329.7,0.7134
703,-1,228.1,337.1,317.7,330.0,0.7161
704,-1,228.0,336.3,318.2,330.7,0.7196
705,-1,235.3,358.5,316.8,336.7,0.7426
706,-1,235.0,358.9,317.2,336.4,0.7430
707,-1,234.8,358.4,317.6,336.9,0.7421
708,-1,228.1,375.5,327.7,339.7,0.6973
709,-1,228.7,375.8,327.1,339.1,0.6999
710,-1,228.8,375.8,327.4,339.9,0.6988
711,-1,212.0,383.9,333.8,335.4,0.7354
712,-1,212.1,384.5,333.3,334.4,0.7364
713,-1,212.2,384.8,333.6,334.4,0.7407
714,-1,172.4,365.6,359.6,339.5,0.7168
715,-1,172.3,366.1,359.8,339.9,0.7166
716,-1,172.4,366.3,359.5,340.4,0.7183
717,-1,146.9,327.0,363.1,333.2,0.6960
717,-1,20.5,155.1,813.1,894.6,0.1009
718,-1,146.6,327.8,363.5,332.3,0.6892
718,-1,20.6,155.6,813.5,894.7,0.1028
719,-1,138.6,308.0,379.4,349.9,0.6413
719,-1,20.3,166.5,816.5,885.5,0.1609
720,-1,138.3,308.1,379.7,348.9,0.6427
720,-1,20.6,167.5,816.5,884.4,0.1594
721,-1,138.4,308.2,379.6,349.7,0.6378
721,-1,20.5,166.9,816.6,885.7,0.1632
722,-1,138.6,308.0,379.3,350.0,0.6411
722,-1,20.1,166.5,815.7,882.6,0.1709
723,-1,172.1,317.7,375.9,351.3,0.5977
724,-1,172.1,317.8,376.1,351.3,0.5911
725,-1,172.3,317.6,375.9,351.7,0.5987
726,-1,197.9,328.7,382.2,356.2,0.5140
726,-1,137.5,261.8,465.8,490.5,0.1253
727,-1,197.1,328.7,382.9,356.0,0.5144
727,-1,137.4,261.7,466.3,488.3,0.1237
728,-1,199.9,284.2,395.0,389.1,0.5364
729,-1,199.9,284.1,395.3,389.5,0.5354
730,-1,199.9,284.0,395.4,389.5,0.5347
731,-1,199.9,284.2,395.2,389.6,0.5351
732,-1,197.5,278.5,405.6,416.0,0.5137
733,-1,197.5,278.6,405.6,414.8,0.5120
734,-1,197.2,278.5,405.9,414.4,0.5149
735,-1,178.7,280.1,417.6,445.0,0.5240
735,-1,203.3,331.5,166.4,231.3,0.2088
736,-1,178.9,280.8,417.3,444.0,0.5253
736,-1,203.3,330.9,166.6,229.4,0.1856
737,-1,167.1,261.3,435.9,453.6,0.4943
738,-1,167.4,261.6,435.3,452.0,0.4965
739,-1,167.0,261.5,435.9,452.2,0.4969
740,-1,166.0,220.7,462.5,470.8,0.5202
740,-1,194.6,297.0,163.4,207.0,0.1091
741,-1,166.0,220.5,462.7,470.6,0.5173
741,-1,194.8,297.0,162.9,206.9,0.1148
742,-1,166.1,220.8,462.4,467.3,0.5168
742,-1,195.2,297.1,163.9,206.8,0.1050
743,-1,166.1,220.4,462.4,468.3,0.5162
743,-1,195.2,296.8,163.5,207.3,0.1002
744,-1,172.5,194.4,478.6,472.6,0.5917
744,-1,214.4,262.8,174.2,223.2,0.3934
745,-1,172.1,193.7,478.7,474.2,0.5886
745,-1,214.7,262.5,174.6,223.3,0.3428
746,-1,181.8,167.9,506.0,515.4,0.4980
746,-1,233.3,237.7,174.2,245.3,0.4606
747,-1,182.1,165.3,506.1,519.4,0.4943
747,-1,233.6,237.7,174.2,245.4,0.4622
748,-1,182.0,166.4,506.4,518.7,0.4966
748,-1,233.8,237.8,173.8,244.5,0.4622
749,-1,242.5,232.5,178.0,232.0,0.6489
749,-1,180.8,126.0,543.7,568.0,0.4274
750,-1,242.3,232.5,178.2,231.9,0.6536
750,-1,181.4,125.8,543.5,568.7,0.4257
751,-1,242.4,232.3,178.0,232.2,0.6558
751,-1,180.9,126.7,542.8,566.5,0.4284
752,-1,243.5,222.9,171.1,236.9,0.7217
752,-1,179.7,103.8,568.1,602.5,0.4414
753,-1,243.5,223.1,170.9,236.5,0.7231
753,-1,179.6,102.8,567.8,604.7,0.4416
754,-1,243.9,223.1,170.9,236.8,0.7229
754,-1,179.4,106.6,566.9,600.1,0.4449
755,-1,250.4,206.7,178.4,256.3,0.5977
755,-1,203.7,62.5,548.6,608.2,0.3647
756,-1,250.4,207.8,178.2,256.3,0.5845
756,-1,203.6,61.5,549.1,609.4,0.3628
757,-1,250.5,206.8,178.3,256.3,0.5986
757,-1,203.8,62.3,548.7,609.1,0.3650
758,-1,258.6,204.8,179.4,252.8,0.5468
758,-1,207.6,79.2,577.4,571.5,0.4901
759,-1,258.4,205.2,179.6,253.7,0.5554
759,-1,207.8,78.5,577.1,573.6,0.4750
760,-1,258.4,205.3,179.4,254.7,0.5519
760,-1,207.9,79.0,577.0,573.5,0.4777
761,-1,268.0,183.4,179.1,256.6,0.5611
761,-1,208.1,27.4,614.3,626.3,0.4190
762,-1,267.9,183.3,179.7,257.5,0.5534
762,-1,207.8,26.7,614.9,627.4,0.4119
763,-1,268.2,183.3,179.1,257.3,0.5477
763,-1,208.1,27.6,614.7,624.8,0.4201
764,-1,268.9,150.1,182.5,289.5,0.4584
764,-1,211.6,2.6,700.9,637.2,0.3853
765,-1,269.0,150.7,181.8,289.4,0.4411
765,-1,211.4,2.4,701.8,637.1,0.3855
766,-1,269.0,150.9,182.2,289.3,0.4396
766,-1,211.3,2.4,702.0,637.2,0.3831
767,-1,263.9,162.1,187.7,275.3,0.5126
767,-1,194.0,9.5,684.9,658.5,0.1847
768,-1,263.8,162.5,188.5,274.6,0.5075
768,-1,193.8,8.7,684.2,659.1,0.1888
769,-1,263.8,161.3,188.3,275.9,0.5113
769,-1,194.6,9.7,682.3,657.3,0.1927
770,-1,263.4,213.9,152.6,235.3,0.4570
770,-1,193.8,2.0,715.6,694.1,0.1270
771,-1,263.5,214.0,152.6,235.1,0.4614
771,-1,194.3,2.3,713.8,692.7,0.1314
772,-1,263.4,214.2,152.5,234.9,0.4622
772,-1,194.1,2.2,715.0,693.4,0.1240
773,-1,265.2,228.7,148.4,231.4,0.4062
773,-1,254.9,198.8,198.2,309.7,0.3462
774,-1,262.8,215.6,184.0,279.6,0.4110
774,-1,268.6,233.0,136.7,219.3,0.1392
775,-1,262.5,215.4,184.5,280.0,0.4094
775,-1,268.6,233.1,136.5,219.2,0.1499
776,-1,270.7,219.5,142.8,237.8,0.4224
776,-1,258.0,189.6,196.6,312.9,0.1839
777,-1,270.2,219.4,143.7,237.5,0.4262
777,-1,257.9,190.3,196.6,311.4,0.1806
778,-1,270.4,219.2,143.4,237.7,0.4207
778,-1,257.5,188.8,197.3,314.5,0.1858
779,-1,270.4,219.2,143.3,237.6,0.4203
779,-1,257.4,188.4,197.5,315.3,0.1841
780,-1,270.5,214.6,181.1,274.1,0.4536
781,-1,270.4,214.0,181.5,274.6,0.4528
782,-1,271.7,232.1,186.9,279.4,0.4547
783,-1,271.6,232.2,187.0,279.0,0.4522
784,-1,271.7,232.3,186.9,279.0,0.4476
785,-1,271.4,232.2,187.8,279.7,0.4655
786,-1,264.6,222.6,180.5,273.3,0.4001
786,-1,269.3,241.4,128.6,219.4,0.1345
786,-1,629.1,406.6,233.8,316.2,0.1023
787,-1,264.4,221.7,181.4,274.3,0.3979
787,-1,269.1,241.1,129.1,219.9,0.1381
787,-1,631.5,407.8,231.1,314.8,0.1029
788,-1,255.2,199.6,175.6,262.5,0.3906
788,-1,259.7,214.2,130.1,208.5,0.1717
789,-1,255.2,199.4,175.9,262.7,0.3895
789,-1,260.1,214.1,129.6,208.9,0.1766
790,-1,255.1,199.0,176.2,262.4,0.3849
790,-1,260.0,214.1,129.7,208.6,0.1825
791,-1,255.3,199.5,175.7,261.9,0.3952
791,-1,259.9,214.2,129.8,209.4,0.1703
792,-1,260.9,184.0,186.5,283.5,0.3723
792,-1,265.3,196.0,137.0,221.7,0.2636
792,-1,634.4,389.5,283.0,325.8,0.1344
793,-1,261.1,184.7,186.8,282.8,0.3683
793,-1,265.3,197.2,136.9,219.7,0.2551
793,-1,636.1,388.6,281.0,326.6,0.1380
794,-1,281.1,204.8,189.3,288.7,0.4366
794,-1,625.4,415.4,344.0,331.4,0.2262
795,-1,281.1,204.8,189.7,288.9,0.4356
795,-1,626.8,416.6,342.6,330.2,0.2324
796,-1,281.1,204.7,189.5,289.2,0.4351
796,-1,623.7,417.4,345.9,329.4,0.2328
797,-1,281.1,204.4,189.9,290.1,0.4277
797,-1,622.5,416.8,347.1,329.9,0.2242
798,-1,271.6,208.5,198.2,299.6,0.3624
798,-1,277.4,226.5,139.2,238.1,0.2158
798,-1,713.1,435.3,275.2,331.5,0.1340
799,-1,271.3,208.0,198.8,300.3,0.3472
799,-1,277.4,226.6,139.0,237.3,0.2221
799,-1,707.0,433.4,281.6,333.5,0.1515
799,-1,776.2,489.5,204.2,272.0,0.1029
800,-1,240.3,200.6,199.6,293.9,0.3616
800,-1,643.5,441.1,336.0,330.1,0.2288
800,-1,244.8,213.4,152.7,189.0,0.1670
800,-1,764.1,469.0,210.9,300.1,0.1064
801,-1,240.4,200.6,199.5,294.1,0.3685
801,-1,642.5,441.5,337.0,329.8,0.2417
801,-1,244.9,213.7,152.4,189.6,0.1570
801,-1,763.1,469.3,211.7,299.8,0.1126
802,-1,240.6,201.2,199.0,293.6,0.3652
802,-1,642.2,441.4,337.0,329.9,0.2326
802,-1,245.1,213.3,152.0,189.5,0.1408
802,-1,763.6,469.0,211.1,300.1,0.1076
803,-1,219.8,178.0,214.1,313.9,0.3427
803,-1,222.6,193.7,165.2,200.9,0.2607
803,-1,636.9,445.6,361.7,327.0,0.2291
803,-1,827.9,510.8,157.0,245.1,0.1352
803,-1,871.5,541.6,104.2,146.0,0.1285
803,-1,771.7,480.1,226.5,289.9,0.1279
804,-1,219.7,177.9,214.3,314.4,0.3436
804,-1,222.4,193.7,165.4,203.0,0.2537
804,-1,637.8,445.6,361.0,327.1,0.2464
804,-1,826.1,510.6,159.1,246.0,0.1354
804,-1,770.6,481.0,227.4,289.0,0.1341
804,-1,871.3,541.4,104.5,145.2,0.1219
805,-1,219.8,177.7,213.6,314.0,0.3448
805,-1,222.6,193.5,165.1,203.3,0.2565
805,-1,637.3,445.8,361.7,326.8,0.2377
805,-1,826.6,510.4,158.8,245.9,0.1401
805,-1,771.4,481.0,226.9,288.8,0.1320
805,-1,871.2,541.0,104.8,146.3,0.1217
806,-1,219.8,177.7,213.8,313.4,0.3476
806,-1,222.5,193.4,165.3,203.4,0.2492
806,-1,637.4,445.6,361.5,327.0,0.2345
806,-1,827.3,510.9,158.0,245.6,0.1429
806,-1,772.1,480.9,226.3,289.1,0.1287
806,-1,871.2,541.2,104.6,146.3,0.1225
807,-1,217.0,151.0,231.4,348.2,0.2886
807,-1,760.6,455.3,277.6,324.3,0.2066
807,-1,232.9,193.4,161.7,190.6,0.1819
807,-1,894.0,526.6,116.8,173.0,0.1323
808,-1,224.6,177.6,208.5,297.2,0.2848
808,-1,232.7,193.6,161.9,190.8,0.1921
808,-1,766.2,456.1,272.0,323.3,0.1770
808,-1,894.2,525.7,117.0,175.2,0.1154
809,-1,216.3,165.9,225.2,307.1,0.2275
809,-1,747.6,447.8,320.7,340.2,0.2107
809,-1,914.1,530.3,129.8,189.8,0.1921
809,-1,227.7,187.5,176.9,232.7,0.1357
809,-1,871.0,504.3,177.6,261.1,0.1300
810,-1,216.3,165.8,225.7,307.1,0.2396
810,-1,747.4,448.0,320.9,340.1,0.2063
810,-1,914.0,530.3,130.3,189.9,0.1947
810,-1,232.1,185.0,175.5,231.0,0.1341
810,-1,871.0,504.3,177.8,261.0,0.1280
811,-1,216.7,166.2,224.9,306.4,0.2384
811,-1,748.2,448.0,320.0,340.1,0.2086
811,-1,910.8,517.4,129.2,219.2,0.2013
811,-1,232.2,185.9,175.4,230.7,0.1270
812,-1,216.8,166.6,224.3,305.5,0.2386
812,-1,910.9,516.5,129.2,221.4,0.2047
812,-1,743.4,447.5,324.9,340.4,0.2039
812,-1,227.8,188.3,176.7,232.5,0.1420
813,-1,204.7,162.7,234.4,306.0,0.2687
813,-1,211.4,170.6,181.1,221.0,0.2408
813,-1,832.5,473.1,251.6,322.8,0.1560
813,-1,928.1,536.6,134.3,208.4,0.1283
814,-1,204.4,162.4,234.1,306.8,0.2714
814,-1,211.6,170.5,180.7,221.9,0.2629
814,-1,831.2,473.7,252.6,322.2,0.1531
814,-1,928.5,536.0,133.7,208.8,0.1275
815,-1,194.0,135.4,266.3,366.2,0.3526
815,-1,217.2,195.6,184.1,228.9,0.3284
815,-1,904.7,521.4,189.3,294.7,0.2185
815,-1,825.3,477.8,287.5,363.8,0.2045
815,-1,944.5,534.5,144.5,223.4,0.1841
815,-1,633.6,8.5,548.4,880.4,0.1125
816,-1,193.9,135.9,266.8,367.1,0.3430
816,-1,217.2,195.6,184.4,228.9,0.3339
816,-1,905.0,522.8,189.0,292.9,0.2117
816,-1,825.7,480.2,287.2,361.1,0.2109
816,-1,944.9,535.9,143.9,221.4,0.1905
816,-1,632.0,6.2,550.0,884.9,0.1085
817,-1,194.5,136.4,265.7,366.1,0.3588
817,-1,217.4,195.6,184.1,229.9,0.3276
817,-1,905.0,522.1,188.8,294.1,0.2149
817,-1,825.7,478.8,286.7,362.6,0.2027
817,-1,944.7,534.4,144.0,222.9,0.1895
817,-1,631.6,4.7,550.4,885.8,0.1084
818,-1,194.6,157.0,276.9,364.1,0.3893
818,-1,217.0,214.8,192.2,246.4,0.3746
818,-1,947.5,569.4,178.3,196.8,0.2006
818,-1,625.7,59.6,556.3,853.0,0.1194
819,-1,194.7,157.1,276.8,364.6,0.3824
819,-1,217.0,214.9,192.3,246.5,0.3761
819,-1,947.5,569.0,178.2,196.7,0.2034
819,-1,626.8,58.4,555.2,851.0,0.1264
820,-1,194.8,156.8,276.9,364.6,0.3775
820,-1,217.1,214.9,192.2,246.6,0.3722
820,-1,947.4,568.8,178.2,197.1,0.2126
820,-1,628.4,59.4,553.6,850.4,0.1267
821,-1,197.7,225.7,212.3,241.0,0.4104
821,-1,175.2,176.4,286.0,360.8,0.3787
821,-1,990.7,603.3,146.3,152.1,0.2605
821,-1,631.1,51.1,550.9,918.4,0.1209
822,-1,197.9,225.7,212.2,240.6,0.4133
822,-1,175.0,176.7,286.8,361.1,0.3834
822,-1,991.5,603.1,145.8,152.0,0.2507
822,-1,629.8,48.7,552.2,920.4,0.1185
823,-1,197.8,225.8,212.5,241.0,0.4109
823,-1,175.4,176.7,286.1,361.1,0.3780
823,-1,991.1,603.5,146.2,151.9,0.2368
823,-1,630.9,49.6,551.1,920.8,0.1142
824,-1,179.3,216.0,221.1,248.8,0.5099
824,-1,155.2,168.5,293.4,369.4,0.3497
824,-1,969.9,591.6,174.4,174.2,0.2128
825,-1,179.3,216.1,221.2,248.6,0.5142
825,-1,155.2,168.8,293.1,369.2,0.3486
825,-1,969.7,591.7,174.6,174.5,0.2134
826,-1,179.2,216.2,221.4,248.5,0.5121
826,-1,155.2,168.6,293.0,368.0,0.3628
826,-1,969.7,591.8,174.6,174.3,0.2061
827,-1,140.3,205.1,268.4,287.2,0.4524
827,-1,80.6,115.4,428.3,500.1,0.1304
828,-1,140.3,205.1,268.6,287.3,0.4506
828,-1,80.8,114.8,427.9,500.5,0.1266
829,-1,140.5,205.1,268.1,287.0,0.4532
829,-1,80.0,114.9,429.2,501.2,0.1227
830,-1,126.0,198.9,273.5,293.9,0.4732
830,-1,77.8,118.8,417.1,496.3,0.2319
831,-1,125.9,198.7,273.5,294.6,0.4687
831,-1,77.7,118.2,417.6,496.9,0.2284
832,-1,125.6,198.5,273.3,295.0,0.4687
832,-1,77.5,118.3,417.4,496.6,0.2212
833,-1,87.5,175.9,288.6,286.9,0.5539
833,-1,54.2,154.4,366.8,420.0,0.2712
833,-1,987.1,600.7,158.4,163.0,0.1612
834,-1,87.3,176.0,289.0,286.3,0.5584
834,-1,54.4,154.8,366.3,419.3,0.2705
834,-1,987.8,600.9,157.7,162.5,0.1598
835,-1,87.5,176.0,288.7,287.2,0.5503
835,-1,54.5,155.4,365.9,418.8,0.2728
835,-1,987.9,601.2,157.7,162.2,0.1783
836,-1,87.8,176.0,288.3,288.0,0.5504
836,-1,54.6,156.5,365.5,417.6,0.2757
836,-1,987.9,600.7,157.7,162.5,0.1897
837,-1,35.3,140.7,301.3,322.6,0.4616
837,-1,9.7,67.6,401.0,534.5,0.3046
837,-1,957.9,598.9,175.1,183.8,0.1992
838,-1,35.4,140.4,300.5,321.8,0.4761
838,-1,9.6,64.5,401.5,537.5,0.3003
838,-1,958.2,598.8,174.7,184.5,0.1990
839,-1,35.3,140.9,301.5,322.2,0.4689
839,-1,9.8,69.2,400.7,532.2,0.3042
839,-1,957.9,598.7,175.0,183.3,0.2012
840,-1,982.9,616.9,141.7,146.5,0.3875
840,-1,42.7,134.4,225.5,242.8,0.2803
840,-1,0.0,51.8,341.2,460.3,0.1958
840,-1,869.7,532.7,288.4,302.8,0.1894
840,-1,943.3,601.3,189.7,183.6,0.1471
841,-1,986.3,617.3,131.5,146.3,0.4231
841,-1,42.7,134.2,225.8,242.9,0.2790
841,-1,0.0,52.1,341.4,459.5,0.1898
841,-1,869.8,534.4,287.9,301.2,0.1815
841,-1,943.6,601.7,188.9,183.8,0.1377
842,-1,986.1,618.5,131.3,145.2,0.4299
842,-1,42.5,134.4,226.1,242.4,0.2861
842,-1,0.0,53.1,341.2,458.0,0.1862
842,-1,870.4,537.2,286.8,297.1,0.1779
842,-1,942.5,601.9,189.6,184.6,0.1321
843,-1,913.6,596.6,161.0,138.8,0.4232
843,-1,816.2,527.2,314.8,286.7,0.3760
843,-1,52.1,131.8,143.3,186.0,0.2862
843,-1,1.9,81.9,250.0,403.3,0.1643
844,-1,913.9,596.6,160.4,138.8,0.4231
844,-1,816.1,526.5,315.6,287.4,0.3858
844,-1,52.0,131.6,143.7,186.2,0.2835
844,-1,1.9,81.8,249.9,403.3,0.1602
845,-1,913.8,596.5,160.8,138.9,0.4179
845,-1,816.3,526.9,315.3,286.7,0.3896
845,-1,51.7,131.5,143.8,187.3,0.2887
845,-1,1.9,82.2,249.5,403.4,0.1656
846,-1,865.0,567.5,154.3,132.3,0.5663
846,-1,0.0,5.0,348.8,551.6,0.3590
846,-1,759.4,477.6,337.1,310.0,0.1705
846,-1,699.0,478.2,400.4,452.6,0.1515
847,-1,864.8,567.8,154.3,132.2,0.5603
847,-1,0.0,5.2,349.3,550.0,0.3620
847,-1,759.5,478.1,336.4,309.1,0.1717
847,-1,700.0,478.4,399.0,452.4,0.1536
848,-1,864.5,567.6,154.3,132.4,0.5567
848,-1,0.0,5.1,350.0,550.0,0.3702
848,-1,759.5,477.5,336.8,309.9,0.1738
848,-1,699.1,478.1,400.2,452.5,0.1481
849,-1,833.1,526.7,160.7,133.6,0.4727
849,-1,752.6,453.3,298.9,279.4,0.1651
849,-1,793.5,492.6,226.3,196.4,0.1120
850,-1,833.6,526.9,160.3,133.4,0.4835
850,-1,752.2,453.0,301.0,279.5,0.1634
850,-1,793.9,492.8,226.4,194.6,0.1187
851,-1,832.8,526.9,161.2,133.3,0.4716
851,-1,752.6,453.0,299.6,280.2,0.1650
851,-1,793.6,492.5,226.6,196.6,0.1046
852,-1,842.2,509.0,156.6,134.2,0.6005
852,-1,752.1,439.5,310.7,286.0,0.2233
852,-1,554.3,402.8,579.5,515.1,0.1236
853,-1,842.5,508.8,156.2,134.4,0.6033
853,-1,751.7,439.1,311.7,287.1,0.2112
853,-1,552.7,403.0,581.3,513.4,0.1268
854,-1,842.7,508.9,155.7,134.3,0.6055
854,-1,751.7,438.9,311.3,287.3,0.2131
854,-1,552.0,403.1,581.9,513.4,0.1251
855,-1,873.5,512.5,165.0,134.7,0.4629
855,-1,783.3,440.7,317.6,284.1,0.2392
856,-1,873.1,512.4,165.3,134.8,0.4688
856,-1,783.2,440.7,317.1,283.7,0.2412
857,-1,873.4,512.4,165.1,134.8,0.4604
857,-1,783.4,440.6,317.4,283.9,0.2414
858,-1,877.5,504.7,172.6,140.6,0.5789
858,-1,778.8,423.1,343.0,299.9,0.2391
859,-1,877.2,504.9,173.0,140.3,0.5825
859,-1,778.7,422.8,342.9,300.0,0.2488
860,-1,877.6,505.4,172.3,139.8,0.5814
860,-1,778.8,423.7,343.6,299.1,0.2442
861,-1,854.6,487.8,167.0,141.6,0.5498
861,-1,771.2,414.2,323.0,287.3,0.2067
862,-1,852.3,488.4,169.2,141.0,0.5254
862,-1,771.3,414.4,323.0,287.4,0.2042
863,-1,797.6,469.5,162.1,142.4,0.5891
863,-1,702.4,379.8,341.9,313.5,0.1914
863,-1,540.5,365.8,594.5,608.5,0.1058
864,-1,797.6,469.8,162.0,142.1,0.5916
864,-1,702.0,379.1,342.5,314.4,0.1946
864,-1,539.8,365.8,595.9,609.3,0.1044
865,-1,797.7,469.8,161.7,142.0,0.5986
865,-1,702.6,379.0,341.5,314.8,0.2013
865,-1,539.1,365.3,596.5,609.5,0.1047
866,-1,797.6,469.7,161.7,142.1,0.5927
866,-1,702.0,379.1,342.0,314.5,0.2025
866,-1,538.2,365.2,597.0,609.5,0.1036
867,-1,718.0,456.9,167.0,139.0,0.4973
867,-1,652.1,397.4,284.7,270.5,0.1748
868,-1,718.0,456.8,167.0,139.1,0.4942
868,-1,652.0,398.1,284.5,269.5,0.1794
869,-1,718.0,457.0,166.9,139.0,0.4972
869,-1,652.7,397.6,284.0,270.4,0.1704
870,-1,653.9,426.1,160.0,141.1,0.4773
870,-1,573.3,346.8,307.7,294.2,0.1989
871,-1,654.6,426.1,159.5,141.1,0.4891
871,-1,573.6,346.6,307.9,294.3,0.2033
872,-1,617.8,393.2,162.4,137.0,0.4849
872,-1,536.0,314.2,303.3,296.2,0.2240
873,-1,617.8,392.9,162.7,137.4,0.4841
873,-1,535.5,314.3,303.8,296.2,0.2333
874,-1,617.7,392.8,162.9,137.6,0.4785
874,-1,535.9,314.5,302.8,296.0,0.2320
875,-1,618.5,393.3,161.4,137.1,0.4953
875,-1,535.9,314.8,303.2,295.6,0.2301
876,-1,610.1,375.7,170.1,151.0,0.4519
876,-1,528.5,290.8,306.3,317.3,0.1509
877,-1,610.3,377.0,169.3,149.6,0.4816
877,-1,529.2,290.5,305.8,317.4,0.1529
878,-1,610.4,376.3,169.2,150.4,0.4864
878,-1,529.0,292.0,306.0,315.9,0.1544
879,-1,629.4,405.1,169.0,151.8,0.3669
879,-1,544.0,320.4,314.8,319.1,0.1613
879,-1,591.1,366.8,232.7,214.8,0.1501
880,-1,630.2,405.4,167.4,151.3,0.4023
880,-1,591.6,366.8,232.2,215.8,0.1584
880,-1,545.4,321.2,313.0,317.5,0.1553
881,-1,629.8,405.3,168.2,151.6,0.3748
881,-1,544.6,321.5,313.6,317.5,0.1584
881,-1,591.2,366.8,232.5,215.2,0.1531
882,-1,679.5,454.7,178.6,155.4,0.5244
882,-1,601.1,383.5,303.3,304.7,0.1457
883,-1,679.8,454.7,177.6,155.4,0.5216
883,-1,601.3,383.3,303.3,304.5,0.1407
884,-1,679.9,454.9,177.7,155.2,0.5197
884,-1,601.3,382.9,303.8,303.6,0.1365
885,-1,715.4,494.4,194.5,165.3,0.4059
886,-1,715.6,495.0,194.4,164.7,0.4066
887,-1,715.5,494.4,194.4,165.3,0.4061
888,-1,685.4,463.0,194.8,162.4,0.4338
889,-1,685.3,463.3,195.0,162.1,0.4387
889,-1,639.7,414.8,268.4,237.9,0.1010
890,-1,685.1,463.1,195.4,162.4,0.4235
890,-1,640.1,414.5,267.2,238.0,0.1049
891,-1,587.0,365.8,189.8,163.8,0.3813
891,-1,534.4,308.9,269.5,251.1,0.1921
892,-1,586.6,364.3,190.3,165.6,0.3644
892,-1,533.8,308.4,269.0,251.5,0.2022
893,-1,539.7,311.5,197.9,163.5,0.3937
893,-1,478.9,243.9,280.2,270.9,0.1645
894,-1,539.4,311.5,198.4,163.5,0.4004
894,-1,478.8,244.1,280.2,270.6,0.1682
895,-1,539.3,312.0,198.2,162.8,0.4283
895,-1,479.0,244.0,280.6,269.8,0.1532
896,-1,538.9,311.3,198.9,163.4,0.4027
896,-1,479.1,243.9,280.3,268.6,0.1483
897,-1,554.0,306.6,204.4,170.8,0.2941
897,-1,488.0,238.8,296.4,264.7,0.2091
898,-1,554.1,306.4,204.3,171.0,0.2930
898,-1,488.2,238.9,296.1,264.5,0.2085
899,-1,554.1,306.5,204.3,170.8,0.2932
899,-1,488.0,238.8,296.3,264.6,0.2096
900,-1,600.0,330.1,212.1,177.1,0.3251
900,-1,544.6,269.8,280.0,253.7,0.1597
901,-1,600.0,330.2,211.9,177.0,0.3249
901,-1,543.5,269.3,281.5,254.2,0.1602
902,-1,599.9,330.6,211.9,176.7,0.3291
902,-1,543.6,269.3,281.7,254.4,0.1615
903,-1,651.2,367.9,217.0,177.0,0.3856
903,-1,587.5,301.7,307.5,260.4,0.1314
904,-1,651.2,368.0,217.1,176.8,0.3799
904,-1,587.5,301.8,307.7,259.7,0.1281
905,-1,651.2,367.7,217.1,177.2,0.3813
905,-1,587.1,301.6,307.9,260.5,0.1308
906,-1,644.7,349.8,199.2,185.1,0.3567
906,-1,576.8,277.3,297.8,277.7,0.1936
907,-1,645.1,349.9,198.6,185.1,0.3521
907,-1,577.0,277.4,297.8,278.0,0.1924
908,-1,645.0,351.5,198.4,183.3,0.3489
908,-1,577.2,278.1,297.4,278.0,0.1871
909,-1,580.4,308.0,205.0,175.2,0.4318
909,-1,511.2,220.3,307.6,287.9,0.1608
910,-1,580.5,307.4,205.1,175.8,0.4375
910,-1,510.2,220.0,309.5,288.1,0.1644
911,-1,580.4,307.9,205.1,175.2,0.4360
911,-1,511.4,220.2,307.7,287.8,0.1644
912,-1,548.4,273.6,208.0,178.7,0.4723
912,-1,470.2,182.0,315.4,291.0,0.2094
913,-1,548.5,273.7,207.7,178.5,0.4744
913,-1,470.4,182.0,315.3,290.9,0.2061
914,-1,548.8,274.1,207.3,178.1,0.4679
914,-1,470.1,181.9,315.7,291.0,0.1946
915,-1,551.0,252.4,209.4,191.1,0.4517
915,-1,493.1,179.0,286.0,277.9,0.1008
916,-1,551.1,252.2,209.3,191.2,0.4486
917,-1,551.2,252.5,209.2,191.0,0.4538
918,-1,533.4,252.1,207.5,184.1,0.4735
918,-1,440.9,154.6,334.5,327.3,0.2144
919,-1,533.5,252.4,207.4,183.8,0.4809
919,-1,441.7,154.6,332.8,327.7,0.2221
920,-1,533.5,252.4,207.2,183.8,0.4661
920,-1,441.1,154.5,333.8,327.6,0.2114
921,-1,486.7,249.3,219.7,188.1,0.3330
921,-1,398.2,148.0,347.6,341.5,0.2161
922,-1,486.8,249.1,219.7,188.3,0.3319
922,-1,398.0,147.8,348.3,340.6,0.2087
922,-1,405.1,157.6,98.1,103.2,0.1038
923,-1,491.3,280.7,219.6,180.2,0.3042
923,-1,402.2,173.7,105.3,124.1,0.2007
923,-1,393.3,165.4,347.4,327.5,0.1527
924,-1,491.3,280.8,219.7,180.2,0.3049
924,-1,402.0,173.6,105.6,124.1,0.2105
924,-1,393.3,165.0,347.0,328.2,0.1581
925,-1,491.1,281.0,219.8,179.9,0.3088
925,-1,402.0,173.7,105.5,124.2,0.2047
925,-1,393.5,165.4,346.7,327.7,0.1561
926,-1,491.0,281.8,219.9,179.1,0.3030
926,-1,402.2,173.7,105.3,124.3,0.1986
926,-1,393.7,165.6,346.5,327.5,0.1551
927,-1,526.9,310.5,225.9,196.9,0.2588
927,-1,445.5,217.0,97.7,109.7,0.2089
927,-1,429.0,208.5,359.9,345.2,0.1256
928,-1,527.3,310.9,225.4,196.3,0.2624
928,-1,445.7,216.8,97.8,110.4,0.1946
928,-1,429.2,208.8,360.2,345.4,0.1204
929,-1,526.9,310.4,225.9,197.1,0.2590
929,-1,445.7,217.0,97.7,109.2,0.2058
929,-1,429.1,208.5,360.2,345.4,0.1254
930,-1,431.3,255.1,105.1,113.6,0.3657
930,-1,519.5,362.6,230.8,181.4,0.2815
931,-1,431.1,255.1,105.3,113.3,0.3732
931,-1,519.7,362.7,230.6,181.4,0.2755
932,-1,430.8,255.1,105.9,116.4,0.3606
932,-1,519.7,362.6,230.6,181.9,0.2741
933,-1,385.9,282.4,105.3,93.1,0.4270
933,-1,479.7,381.2,233.7,196.6,0.1453
934,-1,386.0,282.5,105.1,92.2,0.4428
934,-1,479.3,382.1,233.7,195.7,0.1491
934,-1,381.2,275.0,375.2,327.5,0.1101
935,-1,385.9,282.4,105.3,92.9,0.4326
935,-1,479.8,381.2,233.4,196.6,0.1556
936,-1,374.8,297.3,109.7,123.1,0.2626
936,-1,471.7,393.1,240.7,209.7,0.1682
936,-1,347.7,286.8,399.0,328.5,0.1146
937,-1,374.7,297.3,109.7,123.4,0.2661
937,-1,471.7,392.1,240.8,210.7,0.1696
937,-1,347.9,287.1,398.9,328.4,0.1210
938,-1,374.8,297.2,109.5,122.9,0.2709
938,-1,471.8,392.8,240.4,209.9,0.1674
938,-1,347.9,287.0,398.6,328.4,0.1189
939,-1,392.7,305.0,109.9,103.3,0.3223
939,-1,486.0,400.9,250.4,219.4,0.3153
939,-1,358.9,292.7,399.8,358.5,0.1502
939,-1,533.3,438.1,107.9,91.8,0.1206
940,-1,396.2,305.1,106.8,112.3,0.3326
940,-1,486.2,400.7,250.2,219.5,0.3217
940,-1,358.9,292.6,400.0,358.2,0.1543
940,-1,533.5,438.0,107.8,92.0,0.1190
941,-1,392.6,305.0,110.1,104.4,0.3211
941,-1,486.0,399.7,250.5,220.6,0.3132
941,-1,359.4,292.8,399.2,358.4,0.1507
941,-1,533.7,438.3,107.5,91.4,0.1251
942,-1,373.6,301.7,109.8,100.0,0.3851
942,-1,471.6,404.8,254.9,223.8,0.3188
942,-1,341.4,290.8,412.7,370.6,0.1230
942,-1,526.5,442.1,100.7,93.9,0.1217
943,-1,373.8,301.8,109.7,99.3,0.3998
943,-1,471.6,403.8,254.8,224.8,0.3277
943,-1,341.5,291.0,412.0,370.1,0.1337
943,-1,526.2,441.9,101.1,94.3,0.1234
944,-1,373.9,301.9,109.9,99.2,0.4019
944,-1,471.8,403.0,254.8,225.6,0.3276
944,-1,341.2,290.8,412.4,369.2,0.1326
944,-1,530.2,440.8,98.4,94.8,0.1251
945,-1,330.8,292.3,104.6,97.9,0.5208
945,-1,425.0,386.9,269.3,242.7,0.3527
946,-1,330.8,292.2,105.0,98.2,0.5126
946,-1,425.2,387.8,268.9,241.8,0.3499
946,-1,288.5,285.8,428.8,370.2,0.1027
947,-1,330.9,292.3,104.7,98.0,0.5200
947,-1,425.2,387.6,268.9,242.0,0.3503
947,-1,288.4,285.9,429.1,370.7,0.1034
948,-1,330.2,287.4,103.4,102.1,0.5544
948,-1,426.5,394.4,274.3,238.2,0.3364
948,-1,283.7,281.5,443.5,374.4,0.1524
949,-1,330.2,287.5,103.3,102.0,0.5488
949,-1,426.5,394.4,274.2,238.3,0.3350
949,-1,283.8,281.5,443.2,374.3,0.1525
950,-1,330.4,288.2,105.6,100.5,0.5470
950,-1,425.7,389.2,275.7,243.6,0.3381
950,-1,491.8,438.3,99.0,91.6,0.1259
950,-1,284.2,282.9,442.9,374.0,0.1186
951,-1,467.4,369.6,281.0,276.3,0.5389
951,-1,363.5,289.1,106.4,105.5,0.5381
952,-1,467.4,369.8,281.1,276.0,0.5297
952,-1,363.5,289.2,106.5,105.5,0.5258
953,-1,467.3,369.0,281.3,276.8,0.5380
953,-1,363.4,289.1,106.5,105.5,0.5258
954,-1,376.0,295.7,112.0,108.1,0.6847
954,-1,482.0,370.4,292.0,294.5,0.4811
955,-1,375.9,295.7,112.1,108.2,0.6845
955,-1,482.0,369.9,292.1,294.9,0.4886
956,-1,376.0,295.7,112.1,108.1,0.6867
956,-1,482.1,369.2,292.1,295.7,0.4903
957,-1,365.6,304.0,109.3,113.8,0.6719
957,-1,474.2,372.3,303.4,318.3,0.6017
957,-1,551.2,478.2,93.9,92.3,0.1729
958,-1,365.8,304.0,109.2,113.8,0.6703
958,-1,474.5,373.2,303.1,317.4,0.6016
958,-1,551.1,478.2,94.0,92.4,0.1660
959,-1,365.6,304.0,109.3,113.8,0.6706
959,-1,474.2,373.1,303.3,317.5,0.6009
959,-1,551.2,478.2,93.9,92.3,0.1728
960,-1,340.7,298.3,113.3,119.0,0.7445
960,-1,452.1,350.0,319.3,349.2,0.5081
960,-1,532.7,477.5,102.0,97.9,0.1895
961,-1,340.6,298.2,113.5,119.1,0.7434
961,-1,452.0,350.0,319.3,349.4,0.5022
961,-1,532.7,477.4,102.0,97.5,0.1953
962,-1,340.6,298.2,114.0,119.1,0.7421
962,-1,452.0,350.2,319.4,349.2,0.5036
962,-1,533.3,477.5,101.2,96.9,0.2093
963,-1,311.4,281.2,125.0,122.3,0.7575
963,-1,430.3,358.5,332.6,336.1,0.4624
963,-1,520.3,467.7,97.1,97.8,0.2044
963,-1,445.8,452.5,263.8,244.2,0.1797
964,-1,311.4,281.1,125.0,122.3,0.7572
964,-1,430.4,357.7,332.4,336.9,0.4794
964,-1,520.4,467.5,97.2,98.1,0.2017
964,-1,445.8,452.5,264.0,244.3,0.1899
965,-1,311.4,281.1,125.1,122.4,0.7563
965,-1,430.4,358.0,332.5,336.7,0.4821
965,-1,520.5,467.7,97.0,97.9,0.1974
965,-1,445.9,452.6,264.8,244.1,0.1874
966,-1,307.5,265.8,127.6,129.0,0.7722
966,-1,436.1,370.2,339.0,329.4,0.4854
966,-1,519.9,463.4,102.6,101.2,0.1924
967,-1,307.5,265.8,127.7,129.1,0.7708
967,-1,436.0,371.0,339.0,328.6,0.4894
967,-1,519.8,463.4,102.7,101.1,0.1935
968,-1,307.5,265.8,127.7,129.1,0.7716
968,-1,436.0,370.4,339.0,329.2,0.4891
968,-1,519.8,463.3,102.7,101.2,0.1894
969,-1,323.0,268.3,126.7,131.2,0.7818
969,-1,457.9,386.9,353.0,332.6,0.6022
969,-1,543.3,474.5,97.9,96.3,0.1936
970,-1,323.0,268.3,126.7,131.1,0.7814
970,-1,458.0,386.4,352.8,333.1,0.6002
970,-1,543.3,474.4,97.9,96.4,0.1948
971,-1,323.0,268.3,126.8,131.1,0.7821
971,-1,458.1,386.7,352.8,332.8,0.6030
971,-1,543.3,474.5,97.9,96.3,0.1935
972,-1,322.9,288.1,142.5,132.8,0.7708
972,-1,465.0,424.4,359.2,330.5,0.5791
972,-1,556.7,498.9,96.4,99.8,0.2005
973,-1,322.7,288.1,142.7,132.8,0.7716
973,-1,465.0,425.8,359.3,329.2,0.5849
973,-1,556.9,499.0,96.3,99.8,0.2021
974,-1,322.5,288.1,143.1,132.9,0.7699
974,-1,465.4,425.5,358.8,329.4,0.5903
974,-1,557.0,499.0,96.2,99.8,0.2039
975,-1,317.8,313.6,147.7,135.7,0.7941
975,-1,458.6,467.0,373.5,336.0,0.3573
975,-1,560.4,530.8,97.7,97.2,0.2146
976,-1,317.7,313.6,147.7,135.5,0.7945
976,-1,458.6,468.1,373.5,335.0,0.3607
976,-1,560.4,530.7,97.9,97.4,0.2074
977,-1,317.8,313.6,147.4,135.6,0.7954
977,-1,458.7,468.8,373.3,334.3,0.3663
977,-1,560.4,530.8,97.9,97.3,0.2063
978,-1,304.9,307.4,154.6,142.3,0.7668
978,-1,447.4,431.4,423.8,398.4,0.3615
978,-1,556.8,535.7,102.7,100.5,0.2112
979,-1,304.9,307.4,154.8,142.3,0.7674
979,-1,447.7,431.7,423.5,398.1,0.3617
979,-1,556.8,535.8,102.6,100.3,0.2126
980,-1,304.9,307.3,154.6,142.4,0.7677
980,-1,447.8,432.1,423.1,397.7,0.3715
980,-1,556.7,535.8,102.8,100.4,0.2153
981,-1,290.0,283.7,158.0,146.2,0.7687
981,-1,730.5,731.4,74.9,57.8,0.2892
981,-1,410.6,382.7,471.9,442.7,0.2878
981,-1,552.7,518.3,105.3,103.9,0.1809
981,-1,463.2,580.1,385.8,233.9,0.1021
982,-1,290.0,283.7,158.1,146.2,0.7688
982,-1,410.6,383.0,471.6,442.2,0.2801
982,-1,730.5,731.4,74.8,57.7,0.2797
982,-1,552.7,518.4,105.2,103.8,0.1813
982,-1,463.1,579.8,385.8,234.1,0.1060
983,-1,290.1,283.7,157.9,146.1,0.7690
983,-1,394.4,399.7,493.2,425.1,0.2981
983,-1,730.3,731.4,74.9,57.8,0.2828
983,-1,552.6,518.2,105.4,104.0,0.1782
983,-1,463.2,579.7,385.8,234.4,0.1052
984,-1,281.2,282.8,161.8,150.5,0.7238
984,-1,554.2,524.7,104.3,104.2,0.4086
984,-1,740.3,744.6,84.7,62.6,0.3853
984,-1,380.7,387.6,541.6,467.7,0.3331
985,-1,281.2,282.8,161.6,150.4,0.7243
985,-1,554.2,524.7,104.3,104.0,0.4084
985,-1,740.2,744.6,85.6,62.6,0.3888
985,-1,380.9,387.0,541.7,468.0,0.3347
986,-1,281.2,283.0,161.5,150.3,0.7206
986,-1,554.4,524.7,104.3,104.0,0.4087
986,-1,740.4,744.6,84.7,62.6,0.4055
986,-1,379.1,388.6,543.4,466.6,0.3330
987,-1,271.4,297.1,168.7,159.0,0.7207
987,-1,389.6,401.8,545.5,496.6,0.4420
987,-1,749.0,776.8,83.6,68.4,0.4370
987,-1,553.5,548.1,108.8,107.4,0.4362
988,-1,271.4,297.2,168.6,158.7,0.7227
988,-1,553.5,548.0,108.7,107.5,0.4430
988,-1,389.7,400.2,546.3,497.9,0.4265
988,-1,749.2,776.8,83.3,68.3,0.4257
989,-1,271.4,297.2,168.6,158.8,0.7214
989,-1,553.5,548.0,108.8,107.4,0.4388
989,-1,749.0,777.0,83.6,68.1,0.4359
989,-1,390.1,401.0,545.6,497.4,0.4352
990,-1,243.8,283.5,186.8,166.7,0.7496
990,-1,553.1,545.5,100.0,106.5,0.3960
990,-1,376.0,406.6,563.7,505.0,0.3328
990,-1,741.2,778.6,88.8,71.2,0.3031
990,-1,717.2,774.2,121.3,112.6,0.1314
990,-1,635.4,758.4,215.8,137.7,0.1162
991,-1,243.7,283.5,186.7,166.7,0.7500
991,-1,553.1,545.5,99.9,106.5,0.3993
991,-1,376.3,405.2,562.7,506.4,0.3410
991,-1,741.3,778.6,88.7,71.2,0.2983
991,-1,716.9,774.1,121.5,112.5,0.1269
991,-1,635.5,758.8,215.7,137.3,0.1148
992,-1,243.7,283.5,186.8,166.7,0.7495
992,-1,550.0,545.9,105.5,107.9,0.3847
992,-1,377.2,406.6,561.6,505.0,0.3443
992,-1,741.3,778.7,88.8,71.2,0.2988
992,-1,717.3,774.3,121.1,112.1,0.1275
992,-1,635.8,758.8,215.3,137.2,0.1119
993,-1,210.9,241.7,196.4,177.9,0.8057
993,-1,536.0,518.7,106.2,107.7,0.5277
993,-1,731.8,756.3,86.4,73.8,0.5186
993,-1,366.9,357.5,572.6,544.6,0.4343
994,-1,210.9,241.7,196.4,177.8,0.8064
994,-1,535.9,518.7,106.2,107.7,0.5295
994,-1,731.8,756.3,86.4,73.8,0.5156
994,-1,366.9,356.7,572.0,545.5,0.4277
995,-1,210.8,241.7,196.4,177.8,0.8063
995,-1,535.9,518.7,106.2,107.7,0.5291
995,-1,731.8,756.3,86.4,73.9,0.5159
995,-1,366.8,358.1,572.4,544.1,0.4369
996,-1,183.7,221.4,202.3,184.6,0.7513
996,-1,525.2,509.0,106.8,110.9,0.5616
996,-1,727.3,753.2,88.7,74.9,0.4522
996,-1,355.6,374.3,610.5,536.2,0.3414
997,-1,183.8,221.4,202.2,184.6,0.7522
997,-1,526.4,509.7,105.4,110.6,0.5634
997,-1,727.3,753.2,88.8,74.8,0.4510
997,-1,355.7,375.7,611.4,534.7,0.3406
998,-1,183.8,221.4,202.3,184.7,0.7545
998,-1,526.2,509.8,105.6,110.6,0.5674
998,-1,727.2,753.2,88.9,74.8,0.4531
998,-1,355.7,376.2,611.9,534.5,0.3395
999,-1,160.4,215.3,221.3,194.6,0.7613
999,-1,522.5,520.1,105.8,107.8,0.6096
999,-1,729.7,770.2,89.8,78.2,0.5755
999,-1,71.5,139.6,367.4,286.2,0.1260
1000,-1,160.5,215.3,221.2,194.6,0.7615
1000,-1,522.5,520.2,105.9,107.7,0.6078
1000,-1,729.7,770.2,89.9,78.2,0.5801
1000,-1,72.0,139.3,367.1,286.4,0.1313
1001,-1,160.5,215.3,221.3,194.6,0.7612
1001,-1,522.4,520.2,105.8,107.8,0.6081
1001,-1,729.8,770.2,89.9,78.3,0.5809
1001,-1,71.1,139.5,367.9,286.3,0.1263
1002,-1,139.8,211.5,232.0,199.5,0.7795
1002,-1,521.4,522.7,110.9,115.8,0.6250
1002,-1,734.4,784.9,94.3,80.6,0.6004
1002,-1,51.0,143.2,372.6,279.4,0.2228
1003,-1,139.7,211.5,232.1,199.5,0.7788
1003,-1,521.3,522.5,111.0,116.0,0.6276
1003,-1,734.2,784.9,94.8,80.6,0.5956
1003,-1,51.9,143.5,371.4,278.9,0.2241
1004,-1,139.7,211.4,232.1,199.5,0.7790
1004,-1,521.4,522.4,110.9,116.1,0.6284
1004,-1,734.1,784.9,94.6,80.6,0.5947
1004,-1,52.4,143.3,371.0,278.9,0.2254
1005,-1,119.0,190.1,250.5,205.5,0.7981
1005,-1,741.8,787.2,99.5,88.4,0.6191
1005,-1,523.8,520.1,113.4,117.4,0.5888
1005,-1,60.2,143.9,342.0,266.5,0.2201
1006,-1,119.0,190.2,250.5,205.4,0.7973
1006,-1,741.8,787.2,99.5,88.4,0.6193
1006,-1,523.7,520.1,113.4,117.4,0.5901
1006,-1,60.7,143.8,341.5,266.7,0.2158
1007,-1,119.0,190.1,250.5,205.5,0.7979
1007,-1,741.8,787.2,99.4,88.4,0.6191
1007,-1,523.8,520.2,113.4,117.4,0.5898
1007,-1,59.7,144.1,342.5,266.4,0.2188
1008,-1,92.0,155.6,271.3,219.3,0.8315
1008,-1,752.7,780.1,100.3,89.4,0.6558
1008,-1,526.6,499.5,119.8,124.1,0.6365
1009,-1,92.0,155.7,271.3,219.2,0.8314
1009,-1,752.7,780.0,100.3,89.4,0.6599
1009,-1,526.8,499.7,119.6,124.2,0.6452
1010,-1,92.0,155.8,271.2,218.9,0.8314
1010,-1,752.6,779.8,100.5,89.5,0.6596
1010,-1,526.9,499.9,119.6,124.2,0.6489
1011,-1,71.1,108.0,287.7,237.2,0.7160
1011,-1,763.8,766.8,97.8,93.3,0.6501
1011,-1,528.7,480.5,120.4,124.5,0.6343
1011,-1,22.5,15.7,387.1,345.0,0.1038
1012,-1,71.3,108.0,287.5,237.2,0.7142
1012,-1,763.7,766.7,98.0,93.4,0.6508
1012,-1,528.7,480.7,120.3,124.4,0.6365
1012,-1,22.5,16.0,387.0,344.4,0.1033
1013,-1,71.2,107.9,287.6,237.3,0.7157
1013,-1,763.7,766.7,98.0,93.4,0.6510
1013,-1,528.6,480.5,120.5,124.5,0.6344
1013,-1,22.5,15.6,386.9,345.1,0.1042
1014,-1,765.9,770.3,102.0,94.6,0.6801
1014,-1,519.7,468.5,128.1,132.2,0.6497
1014,-1,59.2,66.2,289.4,257.3,0.5947
1015,-1,765.9,770.3,102.0,94.5,0.6842
1015,-1,519.7,468.5,128.0,132.1,0.6513
1015,-1,59.1,66.1,289.4,257.4,0.5945
1016,-1,765.9,770.4,102.1,94.5,0.6831
1016,-1,519.7,468.5,128.0,132.1,0.6528
1016,-1,59.1,66.1,289.4,257.4,0.5960
1017,-1,765.4,781.4,104.5,97.4,0.7150
1017,-1,516.1,475.6,125.0,130.6,0.6605
1017,-1,45.7,61.0,275.0,253.2,0.4951
1018,-1,765.3,781.4,104.5,97.5,0.7117
1018,-1,516.2,475.6,125.0,130.7,0.6616
1018,-1,46.2,61.8,274.5,252.3,0.5010
1019,-1,765.3,781.4,104.4,97.4,0.7157
1019,-1,516.1,475.6,125.1,130.7,0.6605
1019,-1,46.6,62.0,273.9,252.1,0.5020
1019,-1,5.8,5.5,358.6,321.4,0.1939
1020,-1,508.2,468.0,132.1,129.9,0.7111
1020,-1,771.4,784.6,105.4,100.3,0.6742
1020,-1,12.3,9.7,316.8,293.6,0.4441
1021,-1,508.1,467.9,132.3,129.9,0.7127
1021,-1,771.6,784.7,105.3,100.3,0.6728
1021,-1,12.8,9.9,316.1,293.7,0.4503
1022,-1,507.9,467.8,132.6,130.0,0.7088
1022,-1,771.8,784.7,105.1,100.5,0.6701
1022,-1,12.9,9.9,316.0,294.2,0.4512
1023,-1,782.8,772.2,109.8,104.2,0.7311
1023,-1,510.6,437.5,134.4,142.9,0.6849
1023,-1,12.5,1.9,328.4,266.7,0.3518
1024,-1,782.8,772.2,109.8,104.1,0.7310
1024,-1,510.7,437.5,134.2,143.0,0.6867
1024,-1,12.4,1.9,328.9,267.0,0.3517
1025,-1,782.8,772.2,109.9,104.2,0.7309
1025,-1,510.6,437.6,134.4,142.9,0.6855
1025,-1,12.5,1.9,328.7,267.0,0.3506
1026,-1,796.3,755.5,111.8,105.3,0.6979
1026,-1,511.4,408.9,141.7,145.8,0.6820
1027,-1,796.3,755.5,111.8,105.3,0.6908
1027,-1,512.2,409.0,141.0,145.7,0.6871
1028,-1,796.3,755.5,111.8,105.3,0.6932
1028,-1,512.2,409.0,141.0,145.8,0.6856
1029,-1,802.4,731.8,110.8,113.2,0.7169
1029,-1,509.4,376.4,144.1,151.2,0.6143
1030,-1,802.3,731.8,110.9,113.2,0.7166
1030,-1,509.7,376.5,143.7,151.2,0.6147
1031,-1,802.4,731.7,110.9,113.3,0.7163
1031,-1,509.4,376.5,144.1,151.2,0.6152
1032,-1,774.1,714.8,111.5,111.3,0.6981
1032,-1,467.4,352.4,148.5,153.5,0.5319
1032,-1,475.1,360.4,97.6,135.0,0.1476
1033,-1,774.0,714.8,111.7,111.3,0.7016
1033,-1,467.6,352.8,148.3,153.1,0.5357
1033,-1,475.0,360.3,98.4,135.3,0.1485
1034,-1,774.0,714.8,111.6,111.4,0.6994
1034,-1,467.6,352.9,148.3,152.8,0.5361
1034,-1,474.8,360.4,98.9,135.1,0.1477
1035,-1,732.8,706.6,115.2,118.0,0.6947
1035,-1,409.4,334.7,161.0,161.6,0.5549
1035,-1,419.5,347.4,106.7,140.4,0.2826
1036,-1,732.8,706.5,115.3,118.2,0.6974
1036,-1,409.0,334.8,161.2,161.4,0.5513
1036,-1,419.5,347.5,106.6,140.3,0.2912
1037,-1,732.8,706.5,115.2,118.1,0.6966
1037,-1,409.4,334.7,161.0,161.6,0.5550
1037,-1,419.5,347.4,106.7,140.4,0.2826
1038,-1,759.1,718.6,117.1,123.3,0.6561
1038,-1,423.8,328.5,161.7,166.4,0.5445
1038,-1,432.1,340.5,107.4,148.3,0.1494
1039,-1,759.1,718.6,117.1,123.3,0.6525
1039,-1,424.2,328.5,161.2,166.4,0.5431
1039,-1,431.9,340.4,107.5,148.5,0.1749
1040,-1,759.1,718.6,117.1,123.6,0.6521
1040,-1,424.4,328.3,161.1,166.6,0.5423
1040,-1,432.0,340.3,107.5,148.6,0.1702
1041,-1,817.7,738.8,125.3,122.0,0.6708
1041,-1,468.4,320.7,168.1,173.0,0.4590
1041,-1,477.2,338.2,118.1,145.7,0.2725
1042,-1,817.6,738.8,125.5,121.8,0.6723
1042,-1,468.5,320.7,168.1,173.0,0.4586
1042,-1,477.2,338.2,118.1,145.6,0.2702
1043,-1,817.7,738.7,125.2,122.1,0.6679
1043,-1,468.5,320.7,168.1,173.0,0.4618
1043,-1,477.2,338.2,118.1,145.7,0.2710
1044,-1,801.9,697.3,125.1,125.8,0.6743
1044,-1,440.4,272.7,177.0,177.6,0.3928
1044,-1,446.4,284.7,115.9,150.4,0.1542
1045,-1,802.1,697.3,124.9,125.8,0.6778
1045,-1,440.4,272.6,176.3,177.7,0.3793
1045,-1,446.3,284.7,116.1,150.4,0.1606
1046,-1,802.1,697.3,125.0,125.7,0.6763
1046,-1,440.4,272.4,176.2,178.1,0.3730
1046,-1,446.3,284.7,116.2,150.4,0.1611
1047,-1,731.0,631.0,122.3,127.0,0.5582
1047,-1,347.1,200.8,135.4,175.1,0.3276
1047,-1,652.0,518.5,346.2,371.7,0.1622
1048,-1,731.0,630.9,122.3,127.0,0.5591
1048,-1,347.2,200.3,135.5,175.7,0.3277
1048,-1,651.9,518.4,346.6,372.0,0.1624
1049,-1,731.0,630.9,122.3,127.2,0.5583
1049,-1,347.2,200.3,135.5,175.5,0.3263
1049,-1,650.3,518.2,351.2,375.2,0.1625
1050,-1,740.1,645.5,118.3,126.9,0.5287
1050,-1,332.6,193.8,141.9,180.0,0.3341
1050,-1,645.9,518.8,396.0,406.3,0.1140
1051,-1,740.1,645.5,118.3,126.7,0.5275
1051,-1,332.6,194.1,141.9,179.8,0.3331
1051,-1,647.0,518.8,386.5,404.4,0.1141
1052,-1,740.0,645.5,118.4,126.8,0.5280
1052,-1,332.4,194.1,142.1,179.5,0.3285
1052,-1,646.9,518.6,384.0,404.5,0.1103
1053,-1,800.0,719.8,135.7,151.5,0.4829
1053,-1,383.0,255.5,133.3,167.7,0.3045
1053,-1,373.0,243.6,192.8,200.4,0.1106
1054,-1,800.0,719.8,135.7,151.5,0.4830
1054,-1,383.2,255.7,133.1,167.9,0.2989
1054,-1,373.2,243.5,192.7,200.5,0.1147
1055,-1,800.0,719.8,135.7,151.4,0.4828
1055,-1,383.0,255.5,133.3,167.6,0.3051
1055,-1,373.0,243.6,192.8,200.4,0.1096
1056,-1,802.6,765.6,135.6,144.7,0.5580
1056,-1,351.2,277.0,128.5,136.5,0.4207
1056,-1,344.1,265.1,177.2,201.5,0.1416
1057,-1,802.7,765.4,135.5,144.5,0.5657
1057,-1,351.5,277.1,128.2,136.1,0.4233
1057,-1,344.3,265.2,176.9,201.5,0.1356
1058,-1,802.5,765.3,135.7,145.3,0.5649
1058,-1,351.8,277.1,127.9,136.3,0.4173
1058,-1,344.5,265.2,176.9,201.5,0.1368
1059,-1,766.6,780.7,131.9,138.7,0.4945
1059,-1,290.2,267.0,123.5,136.6,0.4231
1060,-1,766.6,780.8,131.7,138.5,0.4939
1060,-1,290.3,266.6,123.6,136.9,0.4190
1061,-1,766.6,780.7,131.9,138.7,0.4947
1061,-1,290.3,266.8,123.6,136.7,0.4226
1062,-1,820.6,841.7,139.3,154.5,0.5233
1062,-1,316.9,286.9,125.8,141.2,0.5087
1063,-1,820.6,841.7,139.3,154.5,0.5216
1063,-1,317.3,287.0,125.4,140.7,0.5133
1064,-1,820.6,841.8,139.4,154.4,0.5179
1064,-1,317.1,287.0,125.5,140.4,0.5140
1065,-1,389.4,333.7,131.8,150.2,0.4125
1066,-1,389.4,334.1,131.6,149.3,0.4174
1067,-1,389.4,333.8,131.8,150.3,0.4120
1068,-1,303.1,360.2,135.2,149.1,0.4157
1069,-1,303.5,360.3,134.3,148.7,0.4294
1070,-1,303.5,360.3,134.4,148.8,0.4337
1071,-1,174.9,355.4,143.6,158.4,0.3602
1071,-1,6.9,165.7,474.7,631.9,0.1502
1072,-1,175.4,355.4,143.0,157.5,0.3562
1072,-1,6.8,164.0,475.0,637.5,0.1444
1072,-1,132.7,323.5,219.1,252.5,0.1005
1073,-1,174.8,355.5,143.7,158.4,0.3598
1073,-1,6.8,164.9,475.2,634.5,0.1486
1074,-1,103.1,346.3,152.0,161.4,0.3281
1074,-1,7.8,224.5,395.7,518.3,0.2359
1074,-1,31.5,269.8,303.2,321.1,0.1021
1075,-1,103.4,346.2,151.8,161.4,0.3293
1075,-1,7.7,223.1,395.9,519.9,0.2333
1075,-1,31.5,269.7,302.8,321.3,0.1028
1076,-1,103.1,346.3,152.0,161.3,0.3281
1076,-1,7.7,223.2,395.8,519.7,0.2360
1076,-1,31.4,269.8,302.9,321.2,0.1051
1077,-1,218.0,0.0,631.6,540.7,0.1309
1077,-1,234.6,0.0,369.2,342.1,0.1169
1078,-1,218.4,0.0,625.2,539.3,0.1298
1078,-1,235.1,0.0,368.8,342.5,0.1151
1079,-1,218.3,0.0,623.3,539.4,0.1310
1079,-1,235.1,0.0,368.8,342.1,0.1136
1080,-1,216.9,0.0,608.5,542.5,0.1565
1080,-1,236.9,0.0,366.9,342.1,0.1066
1081,-1,216.6,0.0,619.4,542.1,0.1526
1081,-1,236.9,0.0,366.8,342.4,0.1036
1082,-1,217.0,0.0,605.3,540.9,0.1550
1082,-1,237.5,0.0,366.0,342.8,0.1042
1083,-1,223.2,0.0,530.3,527.1,0.1306
1083,-1,250.5,0.0,369.2,340.7,0.1174
1084,-1,225.4,0.0,527.3,525.2,0.1278
1084,-1,251.7,0.0,366.7,339.7,0.1204
